Symbol,Company Name, Lead Market Maker
A,"AGILENT TECH INC","WOLVERINE TRADING, LLC"
AA,"ALCOA INC","WOLVERINE TRADING, LLC"
AAL,"AMERICAN AIRLINES GP","WOLVERINE TRADING, LLC"
AAN,"AARON'S INC","CITADEL SECURITIES LLC"
AAP,"ADVANCE AUTO PARTS","TIMBER HILL LLC"
AAPL,"APPLE INC.","CITADEL SECURITIES LLC"
AAV,"ADVANTAGE OIL & GAS","SUSQUEHANNA SECURITIES"
AAVL,"AVALANCHE BIOT CM ST","*** No LMM ***"
AAWW,"ATLAS AIR WW","*** No LMM ***"
AB,"ALLIANCEBERNSTEIN","WOLVERINE TRADING, LLC"
ABB,"ABB LTD","CITADEL SECURITIES LLC"
ABBV,"Abbvie Inc.","TIMBER HILL LLC"
ABC,"AMERISOURCEBERGEN CP","SUSQUEHANNA SECURITIES"
ABEV,"Ambev S.A.","CITADEL SECURITIES LLC"
ABMD,"ABIOMED INC","*** No LMM ***"
ABT,"ABBOTT LABORATORIES","TIMBER HILL LLC"
ABUS,"ARBUTUS BIOPHARMA CP","CITADEL SECURITIES LLC"
ABX,"BARRICK GOLD CP","WOLVERINE TRADING, LLC"
ABY,"ABENGOA YIELD ORD","*** No LMM ***"
ACAD,"ACADIA PHARMACEUTICA","MORGAN STANLEY & CO. LLC"
ACAS,"AMER CAPITAL LTD","WOLVERINE TRADING, LLC"
ACHC,"ACADIA HEALTHCR CO","CITADEL SECURITIES LLC"
ACHN,"ACHILLION PHARMACEUT","CITADEL SECURITIES LLC"
ACM,"AECOM","CITADEL SECURITIES LLC"
ACN,"ACCENTURE PLC","GOLDMAN, SACHS & CO."
ACOR,"ACORDA THERAPEUTICS","*** No LMM ***"
ACRX,"ACELRX PHARMACEUTICA","MORGAN STANLEY & CO. LLC"
ACTG,"ACACIA RES-ACACIA","MORGAN STANLEY & CO. LLC"
ADBE,"ADOBE SYSTEMS INC","SUSQUEHANNA SECURITIES"
ADHD,"ALCOBRA LTD. ORD","SUSQUEHANNA SECURITIES"
ADI,"ANALOG DEVICES CMN","GOLDMAN, SACHS & CO."
ADK,"ADCARE HEALTH SYSTEM","*** No LMM ***"
ADM,"ARCHER DANIELS MDLND","WOLVERINE TRADING, LLC"
ADP,"AUTOMATIC DATA PROCS","GOLDMAN, SACHS & CO."
ADS,"ALLIANCE DATA SYS CP","SUSQUEHANNA SECURITIES"
ADSK,"AUTODESK INC","SUSQUEHANNA SECURITIES"
ADT,"ADT CORPORATION","*** No LMM ***"
ADTN,"ADTRAN INC","CITADEL SECURITIES LLC"
ADXS,"ADVAXIS INC CMN STK","*** No LMM ***"
AEE,"AMEREN CP","*** No LMM ***"
AEGR,"AEGERION PHARMA INC","CITADEL SECURITIES LLC"
AEM,"AGNICO EAGLE MINES","WOLVERINE TRADING, LLC"
AEO,"AMER EAGLE OUTFITTER","WOLVERINE TRADING, LLC"
AEP,"AMER ELECTRIC POW CO","WOLVERINE TRADING, LLC"
AER,"AERCAP HOLDINGS N.V.","WOLVERINE TRADING, LLC"
AERI,"AERIE PHARMACEUTICAL","*** No LMM ***"
AES,"THE AES CORPORATION","SUSQUEHANNA SECURITIES"
AET,"AETNA INC. NEW","SUSQUEHANNA SECURITIES"
AFFX,"AFFYMETRIX, INC.","CITADEL SECURITIES LLC"
AFL,"A F L A C INC","SUSQUEHANNA SECURITIES"
AFOP,"ALLIANCE FIBER OPTIC","MORGAN STANLEY & CO. LLC"
AFSI,"AMTRUST FINANCIAL","WOLVERINE TRADING, LLC"
AG,"FIRST MAJESTIC SILVE","WOLVERINE TRADING, LLC"
AGCO,"AGCO CP","WOLVERINE TRADING, LLC"
AGEN,"AGENUS INC.","*** No LMM ***"
AGIO,"AGIOS PHARMACEUTICAL","*** No LMM ***"
AGN,"ALLERGAN PLC","*** No LMM ***"
AGNC,"AMERICAN CAPITAL AGE","WOLVERINE TRADING, LLC"
AGO,"ASSURED GUARANTY LTD","WOLVERINE TRADING, LLC"
AGQ,"PROSHARES","SUSQUEHANNA SECURITIES"
AGU,"AGRIUM INC.","GOLDMAN, SACHS & CO."
AHGP,"ALLIANCE HOLDINGS GP","*** No LMM ***"
AI,"ARLINGTON ASSET CL A","*** No LMM ***"
AIG,"AMER INTL GROUP NEW","WOLVERINE TRADING, LLC"
AINV,"APOLLO INVESTMENT CO","WOLVERINE TRADING, LLC"
AIR,"A A R CP","*** No LMM ***"
AIRM,"AIR METHODS CP","SUSQUEHANNA SECURITIES"
AJRD,"AEROJET ROCKETDYNE","MORGAN STANLEY & CO. LLC"
AKAM,"AKAMAI TECHNOLOGIES","SUSQUEHANNA SECURITIES"
AKRX,"AKORN INC","*** No LMM ***"
AKS,"A K STEEL HLDG CORP","SUSQUEHANNA SECURITIES"
AL,"AIR LEASING CORP","CITADEL SECURITIES LLC"
ALB,"ALBEMARLE CP","*** No LMM ***"
ALDW,"ALON USA PARTNERS LP","*** No LMM ***"
ALGN,"ALIGN TECHNOLOGY I","GOLDMAN, SACHS & CO."
ALGT,"ALLEGIANT TRAVEL COM","*** No LMM ***"
ALIM,"ALIMERA SCIENCES INC","CITADEL SECURITIES LLC"
ALK,"ALASKA AIR GROUP INC","MORGAN STANLEY & CO. LLC"
ALKS,"ALKERMES PLC","SUSQUEHANNA SECURITIES"
ALL,"ALLSTATE CP","TIMBER HILL LLC"
ALLE,"ALLEGION PLC","*** No LMM ***"
ALLT,"ALLOT COMMUNICATIONS","*** No LMM ***"
ALLY,"ALLY FINANCIAL","CITADEL SECURITIES LLC"
ALNY,"ALNYLAM PHARMACEUT","MORGAN STANLEY & CO. LLC"
ALSN,"ALLISON TRANSMISSION","CITADEL SECURITIES LLC"
ALXA,"ALEXZA PHARMACEUTICA","CITADEL SECURITIES LLC"
ALXN,"ALEXION PHARM INC","MORGAN STANLEY & CO. LLC"
AM,"ANTERO MIDSTREAM LP","*** No LMM ***"
AMAG,"AMAG PHARMACEUTICALS","*** No LMM ***"
AMAT,"APPLIED MATERIALS","SUSQUEHANNA SECURITIES"
AMBA,"AMBARELLA, INC.","MORGAN STANLEY & CO. LLC"
AMBC,"AMBAC FINANCIAL GRP","MORGAN STANLEY & CO. LLC"
AMC,"AMC ENTERTAINMENT HL","*** No LMM ***"
AMCC,"APPLIED MICRO CRCTS","WOLVERINE TRADING, LLC"
AMCX,"AMC NETWORKS CL A","*** No LMM ***"
AMD,"ADV MICRO DEVICES","CITADEL SECURITIES LLC"
AME,"AMETEK INC","*** No LMM ***"
AMED,"AMEDISYS INC","CITADEL SECURITIES LLC"
AMG,"AFFILIATED MGRS GRP","*** No LMM ***"
AMGN,"AMGEN","SUSQUEHANNA SECURITIES"
AMJ,"JP MORGAN ALERIAN ET","*** No LMM ***"
AMKR,"AMKOR TECHNOLOGY","SUSQUEHANNA SECURITIES"
AMLP,"ALERIAN MLP","WOLVERINE TRADING, LLC"
AMP,"AMERIPRISE FINANCIAL","*** No LMM ***"
AMPE,"AMPIO PHARMACEUTICAL","MORGAN STANLEY & CO. LLC"
AMRI,"ALBANY MOLECULAR RES","*** No LMM ***"
AMRN,"AMARIN CORP ADS","*** No LMM ***"
AMSC,"AMER SUPERCONDUCTOR","CITADEL SECURITIES LLC"
AMT,"AMER TOWER CP","CITADEL SECURITIES LLC"
AMTD,"TD AMERITRADE HD CM","WOLVERINE TRADING, LLC"
AMX,"AMERICA MOVIL, S.A.B","*** No LMM ***"
AMZN,"AMAZON.COM INC","SUSQUEHANNA SECURITIES"
AN,"AUTONATION INC","WOLVERINE TRADING, LLC"
ANAC,"ANACOR PHARMACEUTICA","*** No LMM ***"
ANET,"ARISTA NETWORKS, INC","*** No LMM ***"
ANF,"ABERCROMBIE & FITCH","WOLVERINE TRADING, LLC"
ANFI,"AMIRA NATURE FOODS","CITADEL SECURITIES LLC"
ANGI,"ANGIE'S LIST, INC.","TIMBER HILL LLC"
ANIK,"ANIKA THERAPEUTICS","*** No LMM ***"
ANIP,"ANI  PHARMA INC","*** No LMM ***"
ANTH,"ANTHERA PHARMACEUTIC","*** No LMM ***"
ANTM,"ANTHEM, INC.","*** No LMM ***"
ANW,"AEGEAN MARINE PETROL","*** No LMM ***"
ANY,"SPHERE 3D CORP.","*** No LMM ***"
AON,"AON plc","WOLVERINE TRADING, LLC"
AOS,"SMITH A O CORP","*** No LMM ***"
APA,"APACHE CP","WOLVERINE TRADING, LLC"
APC,"ANADARKO PETROLEUM","CITADEL SECURITIES LLC"
APD,"AIR PRODUCTS CHEM","SUSQUEHANNA SECURITIES"
APH,"AMPHENOL CP","CITADEL SECURITIES LLC"
APLP,"ARCHROCK PARTNERS LP","*** No LMM ***"
APO,"APOLLO GLOBAL MGMNT","MORGAN STANLEY & CO. LLC"
APOL,"APOLLO ED GRP A","WOLVERINE TRADING, LLC"
APU,"AMERIGAS PARTNERS LP","*** No LMM ***"
AR,"ANTERO RESOURCES CP","CITADEL SECURITIES LLC"
ARAY,"ACCURAY INCORPORATED","WOLVERINE TRADING, LLC"
ARCB,"ARCBEST CORP","WOLVERINE TRADING, LLC"
ARCC,"ARES CAPITAL CORP","MORGAN STANLEY & CO. LLC"
ARCO,"ARCOS DORADOS HLDGS","WOLVERINE TRADING, LLC"
AREX,"APPROACH RES. INC.","MORGAN STANLEY & CO. LLC"
ARG,"AIRGAS INC","*** No LMM ***"
ARIA,"ARIAD PHARM INC","MORGAN STANLEY & CO. LLC"
ARII,"AMERICAN RAILCAR IND","WOLVERINE TRADING, LLC"
ARLP,"ALLIANCE RESOURCE PT","*** No LMM ***"
ARLZ,"ARALEZ PHARM INC","MORGAN STANLEY & CO. LLC"
ARMH,"ARM HOLDINGS PLC","SUSQUEHANNA SECURITIES"
ARNA,"ARENA PHARMACEUTICAL","MORGAN STANLEY & CO. LLC"
ARO,"AEROPOSTALE INC","WOLVERINE TRADING, LLC"
AROC,"Archrock, Inc.","WOLVERINE TRADING, LLC"
ARP,"ATLAS RESOURCE PRTNR","WOLVERINE TRADING, LLC"
ARR,"ARMOUR RESIDENTIAL R","WOLVERINE TRADING, LLC"
ARRS,"ARRIS GROUP INC","GOLDMAN, SACHS & CO."
ARRY,"ARRAY BIOPHARMA INC","MORGAN STANLEY & CO. LLC"
ARW,"ARROW ELCTS","*** No LMM ***"
ARWR,"ARROWHEAD RESEARCH","MORGAN STANLEY & CO. LLC"
ASGN,"ON ASSIGNMENT INC","*** No LMM ***"
ASH,"ASHLAND INC (NEW)","WOLVERINE TRADING, LLC"
ASHR,"DEUTSCHE X-TRKR 300","*** No LMM ***"
ASML,"ASML HLDG NY REG","GOLDMAN, SACHS & CO."
ASNA,"ASCENA RETAIL GRP CM","*** No LMM ***"
ASPS,"ALTISOURCE PORTFOLIO","*** No LMM ***"
AT,"ATLANTIC POWER CORP","CITADEL SECURITIES LLC"
ATHM,"AUTOHOME INC.","*** No LMM ***"
ATHN,"ATHENAHEALTH, INC.","SUSQUEHANNA SECURITIES"
ATHX,"ATHERSYS INC","MORGAN STANLEY & CO. LLC"
ATI,"ALLEGHENY TECH NEW","SUSQUEHANNA SECURITIES"
ATLS,"ATLAS ENERGY GRP LLC","*** No LMM ***"
ATML,"ATMEL CORP","SUSQUEHANNA SECURITIES"
ATRS,"ANTARES PHARMA CMN","MORGAN STANLEY & CO. LLC"
ATVI,"ACTIVISION BLIZZARD","WOLVERINE TRADING, LLC"
ATW,"ATWOOD OCEANICS INC","*** No LMM ***"
AU,"ANGLOGOLD ASHANTI LT","CITADEL SECURITIES LLC"
AUMN,"Golden Minerals Co","WOLVERINE TRADING, LLC"
AUO,"AU OPTRONICS CP ADS","*** No LMM ***"
AUY,"YAMANA GOLD INC","*** No LMM ***"
AVAV,"AEROVIRONMENT, INC.","WOLVERINE TRADING, LLC"
AVB,"AVALONBAY CMTYS","*** No LMM ***"
AVD,"AMER VANGUARD CP","CITADEL SECURITIES LLC"
AVEO,"AVEO PHARMACEUTICALS","SUSQUEHANNA SECURITIES"
AVG,"AVG TECHNOLOGIES NV","CITADEL SECURITIES LLC"
AVGO,"BROADCOM LTD","MORGAN STANLEY & CO. LLC"
AVP,"AVON PRODUCTS INC","SUSQUEHANNA SECURITIES"
AVT,"AVNET INC","WOLVERINE TRADING, LLC"
AWI,"ARMSTRONG WORLD INDU","*** No LMM ***"
AWK,"AMERICAN WTR WRKS CO","*** No LMM ***"
AXAS,"ABRAXAS PETRO CORP","WOLVERINE TRADING, LLC"
AXDX,"ACCELERATE DIAGNOSTI","CITADEL SECURITIES LLC"
AXL,"AMER AXLE&MFG HLDS","MORGAN STANLEY & CO. LLC"
AXLL,"AXIALL CORPORATION","GOLDMAN, SACHS & CO."
AXP,"AMER EXPRESS INC","CITADEL SECURITIES LLC"
AXS,"AXIS CAP HLDGS LTD","*** No LMM ***"
AXTA,"AXALTA COATING SYSTM","*** No LMM ***"
AYI,"ACUITY BRANDS INC","*** No LMM ***"
AZN,"ASTRAZENECA PLC ADS","MORGAN STANLEY & CO. LLC"
AZO,"AUTOZONE INC","SUSQUEHANNA SECURITIES"
BA,"BOEING CO","SUSQUEHANNA SECURITIES"
BABA,"ALIBABA GROUP HL LTD","WOLVERINE TRADING, LLC"
BABY,"NATUS MEDICAL INC","WOLVERINE TRADING, LLC"
BAC,"BK OF AMERICA CP","WOLVERINE TRADING, LLC"
BAS,"BASIC ENERGY SRVC","CITADEL SECURITIES LLC"
BAX,"BAXTER INTL INC","CITADEL SECURITIES LLC"
BBBY,"BED BATH & BEYOND","SUSQUEHANNA SECURITIES"
BBD,"BANCO BRADESCO ADS","*** No LMM ***"
BBEP,"BREITBURN ENERGY","MORGAN STANLEY & CO. LLC"
BBG,"BILL BARRETT CORP","WOLVERINE TRADING, LLC"
BBRY,"BLACKBERRY LIMITED","TIMBER HILL LLC"
BBT,"BB&T CP","SUSQUEHANNA SECURITIES"
BBW,"BUILD A BEAR WORKSHP","*** No LMM ***"
BBY,"BEST BUY CO INC","WOLVERINE TRADING, LLC"
BC,"BRUNSWICK CP","CITADEL SECURITIES LLC"
BCC,"BOISE CASCADE L.L.C.","*** No LMM ***"
BCE,"B C E INC","*** No LMM ***"
BCEI,"BONANZA CREEK ENERGY","CITADEL SECURITIES LLC"
BCO,"BRINKS COMPANY","CITADEL SECURITIES LLC"
BCOR,"BLUCORA, INC CMN","*** No LMM ***"
BCOV,"Brightcove Inc.","*** No LMM ***"
BCR,"BARD C R INC","GOLDMAN, SACHS & CO."
BCRX,"BIOCRYST PHARMA INC","MORGAN STANLEY & CO. LLC"
BCS,"BARCLAYS PLC ADR","TIMBER HILL LLC"
BDE,"BLACK DIAMOND, INC.","*** No LMM ***"
BDSI,"BIODELIVERY SCI INTL","SUSQUEHANNA SECURITIES"
BDX,"BECTON DICKINSON  CO","WOLVERINE TRADING, LLC"
BEAT,"BioTelemetry, Inc.","CITADEL SECURITIES LLC"
BEAV,"BE AEROSPACE INC","TIMBER HILL LLC"
BEBE,"BEBE STORES INC","*** No LMM ***"
BEL,"BELMOND LTD CL A","*** No LMM ***"
BEN,"FRANKLIN RES INC","CITADEL SECURITIES LLC"
BERY,"BERRY PLASTICS GROUP","*** No LMM ***"
BFR,"BBVA BANCO FRANCES","WOLVERINE TRADING, LLC"
BG,"BUNGE LTD","GOLDMAN, SACHS & CO."
BGC,"GEN CABLE CP","CITADEL SECURITIES LLC"
BGCP,"BGC PARTNERS CL A","*** No LMM ***"
BGS,"B&G FOODS INC","*** No LMM ***"
BHI,"BAKER HUGHES INTL","WOLVERINE TRADING, LLC"
BHP,"BHP BILLITON LIMITED","WOLVERINE TRADING, LLC"
BIB,"PROSHRS ULTRA NQ BIO","CITADEL SECURITIES LLC"
BID,"SOTHEBYS","TIMBER HILL LLC"
BIDU,"BAIDU, INC.","WOLVERINE TRADING, LLC"
BIG,"BIG LOTS INC","WOLVERINE TRADING, LLC"
BIIB,"BIOGEN INC CMN","MORGAN STANLEY & CO. LLC"
BIOD,"BIODEL INC.","CITADEL SECURITIES LLC"
BIOS,"BIOSCRIP INC","*** No LMM ***"
BIS,"PROSHRS ULSHT NQ BIO","CITADEL SECURITIES LLC"
BITA,"BITAUTO HOLDINGS LTD","MORGAN STANLEY & CO. LLC"
BJRI,"BJ'S RESTAURANTS INC","*** No LMM ***"
BK,"BANK OF NY MELLON CP","*** No LMM ***"
BKD,"BROOKDALE SENIOR LVG","WOLVERINE TRADING, LLC"
BKE,"BUCKLE INC","*** No LMM ***"
BKS,"BARNES & NOBLE","WOLVERINE TRADING, LLC"
BLDP,"BALLARD POWER SYS","GOLDMAN, SACHS & CO."
BLDR,"BUILDERS FIRSTSOURCE","*** No LMM ***"
BLK,"BLACKROCK INC","TIMBER HILL LLC"
BLL,"BALL CP","*** No LMM ***"
BLMN,"BLOOMIN' BRANDS, INC","*** No LMM ***"
BLOX,"Infoblox Inc.","WOLVERINE TRADING, LLC"
BLUE,"BLUEBIRD BIO CMN","CITADEL SECURITIES LLC"
BMA,"BANCO MACRO SA","*** No LMM ***"
BMO,"BANK OF MONTREAL","*** No LMM ***"
BMRN,"BIOMARIN PHARMACEUT","SUSQUEHANNA SECURITIES"
BMS,"BEMIS CO INC","*** No LMM ***"
BMY,"BRISTOL-MYERS SQUIBB","CITADEL SECURITIES LLC"
BNED,"BARNES & NOBLE EDUCA","*** No LMM ***"
BNS,"BANK OF NOVA SCOTIA","*** No LMM ***"
BOBE,"BOB EVANS FARMS","CITADEL SECURITIES LLC"
BOFI,"BOFI HOLDING, INC.","SUSQUEHANNA SECURITIES"
BOIL,"PROSHARES ULT NATGAS","WOLVERINE TRADING, LLC"
BONT,"BON TON STORES THE","WOLVERINE TRADING, LLC"
BOX,"BOX, INC. CL A","*** No LMM ***"
BP,"BP PLC","WOLVERINE TRADING, LLC"
BPI,"BRIDGEPOINT EDUCATIO","MORGAN STANLEY & CO. LLC"
BPL,"BUCKEYE PARTNERS LTD","CITADEL SECURITIES LLC"
BPOP,"POPULAR, INC.","*** No LMM ***"
BPT,"B P PRUDHOE BAY UTS","CITADEL SECURITIES LLC"
BR,"BROADRIDGE FIN SOL","*** No LMM ***"
BRCD,"BROCADE COMM SYS","GOLDMAN, SACHS & CO."
BRFS,"BRF  SA","WOLVERINE TRADING, LLC"
BRK.B,"BERKSHIRE HATH HLD B","WOLVERINE TRADING, LLC"
BRKR,"BRUKER CORPORATION","*** No LMM ***"
BRS,"BRISTOW GROUP INC","*** No LMM ***"
BSFT,"BROADSOFT INC","SUSQUEHANNA SECURITIES"
BSX,"BOSTON SCIENTIFIC CP","WOLVERINE TRADING, LLC"
BTE,"BAYTEX ENERGY CORP","*** No LMM ***"
BTU,"PEABODY ENERGY CORP","WOLVERINE TRADING, LLC"
BTX,"BIOTIME INC","*** No LMM ***"
BUD,"ANH BSCH INB SA ADR","GOLDMAN, SACHS & CO."
BURL,"BURLINGTON STORES","*** No LMM ***"
BV,"BAZAARVOICE, INC.","CITADEL SECURITIES LLC"
BVN,"BUENAVENTURA MINING","*** No LMM ***"
BWA,"BORG WARNER INC","SUSQUEHANNA SECURITIES"
BWLD,"BUFFALO WILD WINGS","*** No LMM ***"
BWP,"BOARDWALK PIPELINE","WOLVERINE TRADING, LLC"
BX,"BLACKSTONE GRP LP UT","SUSQUEHANNA SECURITIES"
BXE,"BELLATRIX EXPLOR","WOLVERINE TRADING, LLC"
BXLT,"BAXALTA INC.","*** No LMM ***"
BXMT,"BLACKSTONE MTG TR","*** No LMM ***"
BXP,"BOSTON PPTYS INC","*** No LMM ***"
BYD,"BOYD GAMING CORP","WOLVERINE TRADING, LLC"
BZH,"BEAZER HOMES USA INC","CITADEL SECURITIES LLC"
C,"CITIGROUP INC","WOLVERINE TRADING, LLC"
CA,"CA INC","CITADEL SECURITIES LLC"
CAA,"CALATLANTIC GRP, INC","WOLVERINE TRADING, LLC"
CAB,"CABELAS INC","TIMBER HILL LLC"
CACQ,"CAESARS ACQUISITION","WOLVERINE TRADING, LLC"
CAG,"CONAGRA FOOD INC","SUSQUEHANNA SECURITIES"
CAH,"CARDINAL HEALTH INC","CITADEL SECURITIES LLC"
CAKE,"CHEESECAKE FACT","CITADEL SECURITIES LLC"
CALL,"MAGICJACK VOCALTEC L","WOLVERINE TRADING, LLC"
CALM,"CAL-MAINE FOODS IN","*** No LMM ***"
CAM,"CAMERON INTL CP","CITADEL SECURITIES LLC"
CAMP,"CALAMP CORP","MORGAN STANLEY & CO. LLC"
CAR,"AVIS BUDGET GROUP, I","*** No LMM ***"
CAT,"CATERPILLAR INC","WOLVERINE TRADING, LLC"
CAVM,"CAVIUM, INC.","SUSQUEHANNA SECURITIES"
CB,"D/B/A CHUBB LTD NEW","WOLVERINE TRADING, LLC"
CBG,"CBRE GROUP, INC. A","CITADEL SECURITIES LLC"
CBI,"CHGO BRIDGE & IRON","CITADEL SECURITIES LLC"
CBL,"C B L & ASSOC PRP","*** No LMM ***"
CBM,"CAMBREX CP","*** No LMM ***"
CBOE,"CBOE HOLDINGS, INC.","WOLVERINE TRADING, LLC"
CBRL,"CRACKER BARREL","MORGAN STANLEY & CO. LLC"
CBS,"CBS CORP CL B","CITADEL SECURITIES LLC"
CC,"CHEMOURS CO","SUSQUEHANNA SECURITIES"
CCE,"COCA COLA ENTRPR INC","SUSQUEHANNA SECURITIES"
CCI,"CROWN CASTLE INTL","WOLVERINE TRADING, LLC"
CCIH,"CHINACACHE HLDGS ADR","CITADEL SECURITIES LLC"
CCJ,"CAMECO CP","WOLVERINE TRADING, LLC"
CCK,"CROWN HOLDINGS INC","CITADEL SECURITIES LLC"
CCL,"CARNIVAL CORP","SUSQUEHANNA SECURITIES"
CCLP,"CSI COMPRESSCO CMN","*** No LMM ***"
CCOI,"COGENT COMM HLDGS","*** No LMM ***"
CCRN,"CROSS CTRY HLTHCR","*** No LMM ***"
CDE,"COEUR MINING, INC.","WOLVERINE TRADING, LLC"
CDK,"CDK GLOBAL, INC.","*** No LMM ***"
CDNS,"CADENCE DESIGN SYS","WOLVERINE TRADING, LLC"
CDW,"CDW CORPORATION","*** No LMM ***"
CE,"CELANESE CORPORATION","MORGAN STANLEY & CO. LLC"
CECO,"CAREER EDUCATION","WOLVERINE TRADING, LLC"
CELG,"CELGENE CORP","MORGAN STANLEY & CO. LLC"
CEMP,"CEMPRA, INC.","*** No LMM ***"
CENX,"CENTURY ALUMINUM C","WOLVERINE TRADING, LLC"
CEO,"CNOOC LTD ADS","GOLDMAN, SACHS & CO."
CEQP,"CRESTWOOD EQ PRTNRS","*** No LMM ***"
CERN,"CERNER CORP","WOLVERINE TRADING, LLC"
CERS,"CERUS CORP","WOLVERINE TRADING, LLC"
CEVA,"CEVA INC","*** No LMM ***"
CF,"CF IND HLDGS INC","CITADEL SECURITIES LLC"
CFG,"CITIZENS FINL GROUP","CITADEL SECURITIES LLC"
CFR,"CULLEN FROST BNKRS","*** No LMM ***"
CFX,"COLFAX CORPORATION","*** No LMM ***"
CG,"THE CARLYLE GROUP","MORGAN STANLEY & CO. LLC"
CGEN,"COMPUGEN LTD","CITADEL SECURITIES LLC"
CGNX,"COGNEX CP","*** No LMM ***"
CHGG,"CHEGG, INC.","CITADEL SECURITIES LLC"
CHK,"CHESAPEAKE ENERGY CP","WOLVERINE TRADING, LLC"
CHKP,"CHECK POINT SOFTWARE","CITADEL SECURITIES LLC"
CHKR,"CHESAPEAKE GRANITE","*** No LMM ***"
CHL,"CHINA MOBILE LIMITED","WOLVERINE TRADING, LLC"
CHMT,"CHEMTURA CORP","WOLVERINE TRADING, LLC"
CHRW,"C.H. ROBINSON WW","WOLVERINE TRADING, LLC"
CHS,"CHICO'S F A S INC","*** No LMM ***"
CHTR,"CHARTER COMMUNICATIO","*** No LMM ***"
CHU,"CHINA UNICOM (HK)LTD","CITADEL SECURITIES LLC"
CHUY,"CHUY'S HOLDINGS, INC","*** No LMM ***"
CI,"CIGNA CP","*** No LMM ***"
CIE,"COBALT INTERNATIONAL","TIMBER HILL LLC"
CIEN,"CIENA CORP","SUSQUEHANNA SECURITIES"
CIG,"COMP ENERG CEMIG ADS","MORGAN STANLEY & CO. LLC"
CIM,"CHIMERA INVESTMENT","*** No LMM ***"
CIT,"CIT GROUP, INC","TIMBER HILL LLC"
CJES,"C&J ENERGY SVS LTD","*** No LMM ***"
CL,"COLGATE PALMOLIVE","SUSQUEHANNA SECURITIES"
CLB,"CORE LABS NV","MORGAN STANLEY & CO. LLC"
CLBS,"CALADRIUS BIO CMN","SUSQUEHANNA SECURITIES"
CLD,"CLOUD PEAK ENERGY IN","*** No LMM ***"
CLDX,"CELLDEX THERAPEUTICS","MORGAN STANLEY & CO. LLC"
CLF,"CLIFFS NATURAL","GOLDMAN, SACHS & CO."
CLH,"CLEAN HARBORS INC","WOLVERINE TRADING, LLC"
CLMT,"CALUMET SPECIALTY PR","SUSQUEHANNA SECURITIES"
CLNE,"CLEAN ENERGY FUELS","WOLVERINE TRADING, LLC"
CLNY,"COLONY CAPITAL CL A","*** No LMM ***"
CLR,"CONTINENTAL RESRCES","MORGAN STANLEY & CO. LLC"
CLSN,"CELSION CORP","SUSQUEHANNA SECURITIES"
CLVS,"CLOVIS ONCOLOGY, INC","SUSQUEHANNA SECURITIES"
CLX,"CLOROX CO","WOLVERINE TRADING, LLC"
CM,"CANADIAN IMP BK COMM","*** No LMM ***"
CMA,"COMERICA INC","WOLVERINE TRADING, LLC"
CMC,"COMMERCIAL METALS CO","*** No LMM ***"
CMCM,"CHEETAH MOBILE ADS","*** No LMM ***"
CMCSA,"COMCAST CORP A","SUSQUEHANNA SECURITIES"
CME,"CME GROUP INC","CITADEL SECURITIES LLC"
CMG,"CHIPOTLE MEX GRILL","MORGAN STANLEY & CO. LLC"
CMI,"CUMMINS INC","WOLVERINE TRADING, LLC"
CMP,"COMPASS MINERALS INT","*** No LMM ***"
CMPR,"CIMPRESS N.V. ORD","WOLVERINE TRADING, LLC"
CMRX,"CHIMERIX, INC.","*** No LMM ***"
CMS,"CMS ENERGY CP","*** No LMM ***"
CNAT,"CONATUS PHARMACEUTIC","SUSQUEHANNA SECURITIES"
CNC,"CENTENE CORP","GOLDMAN, SACHS & CO."
CNI,"CANADIAN NATL RAILWY","WOLVERINE TRADING, LLC"
CNL,"CLECO CORPORATION","*** No LMM ***"
CNP,"CENTERPOINT ENERGY","WOLVERINE TRADING, LLC"
CNQ,"CANADIAN NAT RES","WOLVERINE TRADING, LLC"
CNX,"CONS ENERGY INC","WOLVERINE TRADING, LLC"
COF,"CAPITAL ONE FINANCIA","SUSQUEHANNA SECURITIES"
COG,"CABOT OIL GAS CP","WOLVERINE TRADING, LLC"
COH,"COACH INC","SUSQUEHANNA SECURITIES"
COL,"ROCKWELL COLLINS INC","CITADEL SECURITIES LLC"
COLM,"COLUMBIA SPRTSWR","*** No LMM ***"
COMM,"COMMSCOPE HOLDING CO","CITADEL SECURITIES LLC"
CONE,"CYRUSONE INC CMN","*** No LMM ***"
CONN,"CONN'S, INC.","MORGAN STANLEY & CO. LLC"
COO,"COOPER COS INC","*** No LMM ***"
COP,"CONOCOPHILLIPS","MORGAN STANLEY & CO. LLC"
CORN,"TEUCRIUM CORN FUND","CITADEL SECURITIES LLC"
COST,"COSTCO WHOLESALE","WOLVERINE TRADING, LLC"
COT,"COTT CP","*** No LMM ***"
COTY,"COTY INC.","CITADEL SECURITIES LLC"
CP,"CANADIAN PAC RAILWAY","MORGAN STANLEY & CO. LLC"
CPA,"COPA HOLDINGS S.A.","*** No LMM ***"
CPB,"CAMPBELL SOUP CO","WOLVERINE TRADING, LLC"
CPE,"CALLON PETROLEUM","WOLVERINE TRADING, LLC"
CPLP,"CAPITAL PRODUCT PART","*** No LMM ***"
CPN,"CALPINE CORP","TIMBER HILL LLC"
CPRT,"COPART, INC.","SUSQUEHANNA SECURITIES"
CQP,"CHENIERE ENERGY LP","MORGAN STANLEY & CO. LLC"
CRAY,"CRAY INC","CITADEL SECURITIES LLC"
CRC,"CALIFORNIA RES CP","*** No LMM ***"
CREE,"CREE, INC.","WOLVERINE TRADING, LLC"
CRI,"CARTER'S INC","SUSQUEHANNA SECURITIES"
CRIS,"CURIS INC","*** No LMM ***"
CRK,"COMSTOCK RES","SUSQUEHANNA SECURITIES"
CRM,"SALESFORCE.COM INC","SUSQUEHANNA SECURITIES"
CRME,"CARDIOME PHARMA CORP","*** No LMM ***"
CROX,"CROCS, INC.","SUSQUEHANNA SECURITIES"
CRR,"CARBO CERAMICS INC","MORGAN STANLEY & CO. LLC"
CRTO,"CRITEO S.A. ADS","*** No LMM ***"
CRUS,"CIRRUS LOGIC INC","SUSQUEHANNA SECURITIES"
CRZO,"CARRIZO OIL & GAS","CITADEL SECURITIES LLC"
CSC,"COMPUTER SCIENCES CP","SUSQUEHANNA SECURITIES"
CSCO,"CISCO SYSTEMS INC","CITADEL SECURITIES LLC"
CSH,"CASH AMER INTL INC","*** No LMM ***"
CSIQ,"CANADIAN SOLAR INC.","SUSQUEHANNA SECURITIES"
CSLT,"Castlight Health Inc","SUSQUEHANNA SECURITIES"
CSOD,"CORNERSTONE ONDEMAND","SUSQUEHANNA SECURITIES"
CST,"CST BRANDS, INC.","*** No LMM ***"
CSTE,"CAESARSTONE SDOT-YAM","MORGAN STANLEY & CO. LLC"
CSTM,"CONSTELLIUM N.V.","WOLVERINE TRADING, LLC"
CSU,"CAPITAL SR LIVING CP","CITADEL SECURITIES LLC"
CSX,"CSX CORPORATION","CITADEL SECURITIES LLC"
CTAS,"CINTAS CORP","GOLDMAN, SACHS & CO."
CTB,"COOPER TIRE RUBBER","CITADEL SECURITIES LLC"
CTIC,"CTI BIOPHARM CORP.","CITADEL SECURITIES LLC"
CTL,"CENTURYLINK, INC","SUSQUEHANNA SECURITIES"
CTRL,"CONTROL4 CORPORATION","*** No LMM ***"
CTRP,"CTRIP.COM INTL LTD","WOLVERINE TRADING, LLC"
CTSH,"COGNIZANT TECH SOL","WOLVERINE TRADING, LLC"
CTXS,"CITRIX SYSTEMS INC","CITADEL SECURITIES LLC"
CUDA,"BARRACUDA NETWORKS","CITADEL SECURITIES LLC"
CUR,"NEURALSTEM INC","CITADEL SECURITIES LLC"
CVA,"COVANTA HLD CP","WOLVERINE TRADING, LLC"
CVC,"CABLEVISION SYSTEM","*** No LMM ***"
CVE,"CENOVUS ENERGY INC","CITADEL SECURITIES LLC"
CVEO,"Civeo Corporation","CITADEL SECURITIES LLC"
CVI,"CVR ENERGY INC","MORGAN STANLEY & CO. LLC"
CVLT,"COMMVAULT SYSTEMS","WOLVERINE TRADING, LLC"
CVRR,"CVR REFINING, LP","CITADEL SECURITIES LLC"
CVS,"CVS HEALTHCP","WOLVERINE TRADING, LLC"
CVX,"CHEVRON CORP","CITADEL SECURITIES LLC"
CX,"CEMEX SAB DE CV ADR","WOLVERINE TRADING, LLC"
CXDC,"CHINA XD PLASTICS CO","SUSQUEHANNA SECURITIES"
CXO,"CONCHO RESOURCES INC","GOLDMAN, SACHS & CO."
CXW,"CORRECTIONS CORP AM","TIMBER HILL LLC"
CY,"CYPRESS SEMICONDUCTR","*** No LMM ***"
CYBR,"CYBERARK SOFT ORD","*** No LMM ***"
CYH,"COMMUNITY HEALTH","CITADEL SECURITIES LLC"
CYOU,"CHANGYOU.COM LIMITED","WOLVERINE TRADING, LLC"
CYS,"CYS INVESTMENTS, INC","MORGAN STANLEY & CO. LLC"
CYTK,"CYTOKINETICS","CITADEL SECURITIES LLC"
CYTR,"CYTRX CP","SUSQUEHANNA SECURITIES"
CYTX,"CYTORI THERAPEUTICS","*** No LMM ***"
CZR,"CAESARS ENTERTNMT","WOLVERINE TRADING, LLC"
D,"DOMINION RES NEW","WOLVERINE TRADING, LLC"
DAL,"DELTA AIR LINES, INC","MORGAN STANLEY & CO. LLC"
DAN,"DANA HOLDING CP","WOLVERINE TRADING, LLC"
DANG,"E-COMMERCE CHINA","WOLVERINE TRADING, LLC"
DAR,"DARLING INGREDIENTS","MORGAN STANLEY & CO. LLC"
DATA,"TABLEAU SOFTWARE INC","SUSQUEHANNA SECURITIES"
DATE,"JIAYUAN.COM INTERNAT","*** No LMM ***"
DB,"DEUTSCHE BANK AG","MORGAN STANLEY & CO. LLC"
DBA,"POWERSHARES DB AGRIC","MORGAN STANLEY & CO. LLC"
DBD,"DIEBOLD INC","WOLVERINE TRADING, LLC"
DCTH,"DELCATH SYSTEMS INC","SUSQUEHANNA SECURITIES"
DD,"DU PONT E I DE NEM","SUSQUEHANNA SECURITIES"
DDD,"3 D  SYSTEMS CP","GOLDMAN, SACHS & CO."
DDR,"DDR Corp.","*** No LMM ***"
DDS,"DILLARD'S INC","SUSQUEHANNA SECURITIES"
DE,"DEERE CO","WOLVERINE TRADING, LLC"
DECK,"DECKERS OUTDOOR CP","SUSQUEHANNA SECURITIES"
DENN,"DENNYS CORP","*** No LMM ***"
DEO,"DIAGEO PLC ADS NEW","MORGAN STANLEY & CO. LLC"
DEPO,"DEPOMED INC","MORGAN STANLEY & CO. LLC"
DF,"DEAN FOODS CO","WOLVERINE TRADING, LLC"
DFRG,"DEL FRISCO'S RESTRNT","*** No LMM ***"
DFS,"DISCOVER FIN SVCS","WOLVERINE TRADING, LLC"
DG,"DOLLAR GENERAL CORP","WOLVERINE TRADING, LLC"
DGI,"DIGITALGLOBE, INC","SUSQUEHANNA SECURITIES"
DGX,"QUEST DIAGNOSTC","CITADEL SECURITIES LLC"
DHI,"D R HORTON INC","WOLVERINE TRADING, LLC"
DHR,"DANAHER CP","SUSQUEHANNA SECURITIES"
DHT,"DHT HOLDINGS, INC.","*** No LMM ***"
DIA,"SPDR DJIA ETF TRUST","WOLVERINE TRADING, LLC"
DIN,"DINEEQUITY, INC","*** No LMM ***"
DIS,"WALT DISNEY-DISNEY C","CITADEL SECURITIES LLC"
DISCA,"DISCOVERY COMM A","WOLVERINE TRADING, LLC"
DISCK,"DISCOVERY COMM INC","WOLVERINE TRADING, LLC"
DISH,"DISH NETWORK CORP","CITADEL SECURITIES LLC"
DK,"DELEK US HOLDINGS","*** No LMM ***"
DKS,"DICK'S SPORTING GDS","CITADEL SECURITIES LLC"
DLB,"DOLBY LABORATORIES","WOLVERINE TRADING, LLC"
DLPH,"DELPHI AUTOMOTIVE","MORGAN STANLEY & CO. LLC"
DLR,"DIGITAL REALTY TRUST","*** No LMM ***"
DLTR,"DOLLAR TREE INC","SUSQUEHANNA SECURITIES"
DMD,"DEMAND MEDIA INC.","*** No LMM ***"
DNB,"THE NEW D&B CORP","CITADEL SECURITIES LLC"
DNKN,"DUNKIN' BRANDS GROUP","MORGAN STANLEY & CO. LLC"
DNOW,"NOW INC.","*** No LMM ***"
DNR,"DENBURY RES INC","WOLVERINE TRADING, LLC"
DO,"DIAMOND OFFSHORE DRL","MORGAN STANLEY & CO. LLC"
DORM,"DORMAN PRODUCTS INC","CITADEL SECURITIES LLC"
DOV,"DOVER CP","SUSQUEHANNA SECURITIES"
DOW,"DOW CHEMICAL","WOLVERINE TRADING, LLC"
DPLO,"DIPLOMAT PHARMACY","*** No LMM ***"
DPM,"DCP MIDSTREAM LP","*** No LMM ***"
DPS,"DR PEPPER SNAPPLE GP","CITADEL SECURITIES LLC"
DPZ,"DOMINOS PIZZA INC","WOLVERINE TRADING, LLC"
DRI,"DARDEN RESTAURANTS","WOLVERINE TRADING, LLC"
DSCO,"DISCOVERY LABS INC","CITADEL SECURITIES LLC"
DSKY,"IDREAMSKY TECHNO ADS","*** No LMM ***"
DST,"DST SYSTEMS INC","CITADEL SECURITIES LLC"
DSW,"DSW INC.","SUSQUEHANNA SECURITIES"
DSX,"DIANA SHIPPING INC.","GOLDMAN, SACHS & CO."
DTE,"D T E ENERGY CO HLDG","*** No LMM ***"
DUK,"DUKE ENERGY CP HL CO","WOLVERINE TRADING, LLC"
DUST,"DXN DLY GLDMNR NDX B","SUSQUEHANNA SECURITIES"
DV,"DEVRY EDUCATION GRP","*** No LMM ***"
DVA,"DAVITA HEALTHCARE","TIMBER HILL LLC"
DVAX,"Dynavax Technologies","CITADEL SECURITIES LLC"
DVN,"DEVON ENERGY CP (OK)","CITADEL SECURITIES LLC"
DVY,"ISHARES SELECT DIVD","MORGAN STANLEY & CO. LLC"
DWA,"DREAMWORKS ANIMATION","MORGAN STANLEY & CO. LLC"
DWRE,"DEMANDWARE, INC.","*** No LMM ***"
DXCM,"DEXCOM","WOLVERINE TRADING, LLC"
DXD,"PROSHARES ULTRASHORT","TIMBER HILL LLC"
DXJ,"WISDOMTREE JAP HDG","WOLVERINE TRADING, LLC"
DYN,"DYNEGY INC.","CITADEL SECURITIES LLC"
EA,"ELECTRONIC ARTS INC","CITADEL SECURITIES LLC"
EAT,"BRINKER INTL INC","SUSQUEHANNA SECURITIES"
EBAY,"EBAY INC.","SUSQUEHANNA SECURITIES"
EBIX,"EBIX INC","MORGAN STANLEY & CO. LLC"
ECA,"ENCANA CORP","WOLVERINE TRADING, LLC"
ECHO,"Echo Global Logistic","*** No LMM ***"
ECL,"ECOLAB INC","CITADEL SECURITIES LLC"
ECOM,"CHANNELADVISOR CORP","SUSQUEHANNA SECURITIES"
ECR,"ECLIPSE RESOURCES CP","*** No LMM ***"
ECT,"ECA MARCELLUS TRST I","*** No LMM ***"
ECYT,"ENDOCYTE, INC","MORGAN STANLEY & CO. LLC"
ED,"CONS EDISON INC","TIMBER HILL LLC"
EDAP,"EDAP TMS SA ADR","*** No LMM ***"
EDC,"EMERGING MKTS BULL3X","SUSQUEHANNA SECURITIES"
EDU,"NEW ORIENTAL EDUCATI","*** No LMM ***"
EEFT,"EURONET WORLDWIDE","*** No LMM ***"
EEM,"ISHARES MSCI E.M.I.F","WOLVERINE TRADING, LLC"
EEP,"ENBRIDGE EGY PT LP","CITADEL SECURITIES LLC"
EFA,"ISHARES MSCI EAFE ET","*** No LMM ***"
EGHT,"8X8 INC","CITADEL SECURITIES LLC"
EGN,"ENERGEN CP","WOLVERINE TRADING, LLC"
EGO,"ELDORADO GOLD CORP","WOLVERINE TRADING, LLC"
EHTH,"EHEALTH, INC.","*** No LMM ***"
EIGI,"ENDURANCE INT GRP","*** No LMM ***"
EIX,"EDISON INTL","CITADEL SECURITIES LLC"
EJ,"E-HOUSE HOLDINGS ADR","*** No LMM ***"
EL,"ESTEE LAUDER COS INC","WOLVERINE TRADING, LLC"
ELLI,"ELLIE MAE, INC.","WOLVERINE TRADING, LLC"
ELNK,"EARTHLINK HLDS CMN","WOLVERINE TRADING, LLC"
ELY,"CALLAWAY GOLF CP","*** No LMM ***"
EMC,"E M C CP","WOLVERINE TRADING, LLC"
EMES,"EMERGE ENERGY SVCS","MORGAN STANLEY & CO. LLC"
EMN,"EASTMAN CHEM CO","*** No LMM ***"
EMR,"EMERSON ELEC CO","SUSQUEHANNA SECURITIES"
ENB,"ENBRIDGE INC","*** No LMM ***"
ENDP,"ENDO INT'L PLC","*** No LMM ***"
ENLK,"ENLINK MIDSTREAM PRT","*** No LMM ***"
ENOC,"ENERNOC, INC.","CITADEL SECURITIES LLC"
ENPH,"ENPHASE ENERGY, INC.","*** No LMM ***"
ENS,"ENERSYS","*** No LMM ***"
ENT,"GLOBAL EAGLE ENTRTN","WOLVERINE TRADING, LLC"
ENTG,"ENTEGRIS INC","*** No LMM ***"
ENVA,"ENOVA INT'L INC","*** No LMM ***"
EOG,"EOG RESOURCES INC","SUSQUEHANNA SECURITIES"
EPC,"EDGEWELL PERSONAL","CITADEL SECURITIES LLC"
EPD,"ENTERPRISE PT UTS","WOLVERINE TRADING, LLC"
EPE,"EP ENERGY CORP.","*** No LMM ***"
EPI,"WISDOMTREE INDIA","SUSQUEHANNA SECURITIES"
EPZM,"EPIZYME, INC CMN STK","*** No LMM ***"
EQC,"Equity Commonwealth","WOLVERINE TRADING, LLC"
EQIX,"EQUINIX, INC.","CITADEL SECURITIES LLC"
EQM,"EQT MIDSTREAM PRTNRS","*** No LMM ***"
EQR,"EQUITY RESIDENTAL","TIMBER HILL LLC"
EQT,"EQT CORPORATION","WOLVERINE TRADING, LLC"
ERF,"ENERPLUS CORP","CITADEL SECURITIES LLC"
ERIC,"ERICSSON ADR","WOLVERINE TRADING, LLC"
ERX,"ENERGY BULL 3X","SUSQUEHANNA SECURITIES"
ERY,"ENERGY DAILY BEAR 3X","CITADEL SECURITIES LLC"
ES,"Eversource Energy","WOLVERINE TRADING, LLC"
ESI,"I T T EDUCATION SVCS","WOLVERINE TRADING, LLC"
ESPR,"ESPERION THERAPTC CM","*** No LMM ***"
ESRX,"EXPRESS SCRIPTS","SUSQUEHANNA SECURITIES"
ESV,"ENSCO PLC","CITADEL SECURITIES LLC"
ETE,"ENRGY TRANSFER EQ LP","MORGAN STANLEY & CO. LLC"
ETFC,"E*TRADE FINL CORP","WOLVERINE TRADING, LLC"
ETN,"EATON CP PLC","MORGAN STANLEY & CO. LLC"
ETP,"ENERGY TRANSFER PRNT","MORGAN STANLEY & CO. LLC"
ETR,"ENTERGY CP","CITADEL SECURITIES LLC"
ETSY,"ETSY INC COMMON STK","*** No LMM ***"
EUO,"PROSHS ULTRASHT EURO","GOLDMAN, SACHS & CO."
EVEP,"EV ENERGY PARTNERS","MORGAN STANLEY & CO. LLC"
EVR,"EVERCORE PARTNERS IN","*** No LMM ***"
EW,"EDWARDS LIFESCIENCES","CITADEL SECURITIES LLC"
EWA,"ISHARE MSCI AUSTRALI","SUSQUEHANNA SECURITIES"
EWC,"ISHARE MSCI CANADA","SUSQUEHANNA SECURITIES"
EWG,"ISHARE MSCI GERMANY","CITADEL SECURITIES LLC"
EWH,"ISHARE MSCI HONGKONG","WOLVERINE TRADING, LLC"
EWJ,"ISHARE MSCI JAPAN IN","WOLVERINE TRADING, LLC"
EWT,"ISHARE MSCI TAIWAN","*** No LMM ***"
EWW,"ISHARE MSCI MEXICO","*** No LMM ***"
EWY,"ISHARE MSCI SO.KOREA","TIMBER HILL LLC"
EWZ,"ISHARE MSCI BRAZIL","WOLVERINE TRADING, LLC"
EXAM,"EXAMWORKS GROUP, INC","CITADEL SECURITIES LLC"
EXAS,"EXACT SCIENCES COR","MORGAN STANLEY & CO. LLC"
EXC,"EXELON CORPORATION","*** No LMM ***"
EXEL,"EXELIXIS, INC.","MORGAN STANLEY & CO. LLC"
EXK,"ENDEAVOUR SILVER COR","MORGAN STANLEY & CO. LLC"
EXP,"EAGLE MATERIALS INC","*** No LMM ***"
EXPD,"EXPEDITORS INTL","WOLVERINE TRADING, LLC"
EXPE,"EXPEDIA, INC.","CITADEL SECURITIES LLC"
EXPR,"EXPRESS, INC.","WOLVERINE TRADING, LLC"
EXXI,"ENERGY XXI LTD","WOLVERINE TRADING, LLC"
EYES,"SECOND SIGHT CMN","*** No LMM ***"
EZPW,"EZCORP, INC.","GOLDMAN, SACHS & CO."
F,"FORD MOTOR CO","GOLDMAN, SACHS & CO."
FANG,"DIAMONDBACK ENERGY","WOLVERINE TRADING, LLC"
FAS,"FINANCIAL BULL 3XNEW","GOLDMAN, SACHS & CO."
FAST,"FASTENAL CO","WOLVERINE TRADING, LLC"
FAZ,"FINANCIAL BEAR 3XNEW","MORGAN STANLEY & CO. LLC"
FB,"FACEBOOK INC","MORGAN STANLEY & CO. LLC"
FBHS,"FORTUNE BRANDS HOME","CITADEL SECURITIES LLC"
FBIO,"FORTRESS BIOTECH INC","CITADEL SECURITIES LLC"
FCAU,"FIAT CHRYSLER AUTO N","*** No LMM ***"
FCEL,"FUELCELL ENERGY INC","CITADEL SECURITIES LLC"
FCN,"FTI CONSULTING INC","SUSQUEHANNA SECURITIES"
FCS,"FAIRCHILD SEMI CMN","CITADEL SECURITIES LLC"
FCX,"FREEPORT MCMORAN","WOLVERINE TRADING, LLC"
FDC,"FIRST DATA CORP","*** No LMM ***"
FDS,"FACTSET RESEARCH SYS","CITADEL SECURITIES LLC"
FDX,"FEDEX CORP","CITADEL SECURITIES LLC"
FE,"FIRSTENERGY CP","WOLVERINE TRADING, LLC"
FENG,"PHOENIX NEW MEDIA","WOLVERINE TRADING, LLC"
FEYE,"FireEye, Inc.","WOLVERINE TRADING, LLC"
FFIV,"F5 NETWORKS, INC.","SUSQUEHANNA SECURITIES"
FGP,"FERRELLGAS PARTNERS","*** No LMM ***"
FHN,"FIRST HORIZON NTL CP","*** No LMM ***"
FIG,"FORTRESS INV GP LLC","WOLVERINE TRADING, LLC"
FINL,"FINISH LINE CL A","*** No LMM ***"
FIS,"FIDELITY NAT INF SVC","SUSQUEHANNA SECURITIES"
FISV,"FISERV, INC.","*** No LMM ***"
FIT,"Fitbit, Inc.","GOLDMAN, SACHS & CO."
FITB,"FIFTH THIRD BNCP","WOLVERINE TRADING, LLC"
FIVE,"FIVE BELOW, INC.","SUSQUEHANNA SECURITIES"
FL,"FOOT LOCKER, INC.","WOLVERINE TRADING, LLC"
FLDM,"Fluidigm Corporation","SUSQUEHANNA SECURITIES"
FLEX,"FLEXTRONICS INTL LTD","WOLVERINE TRADING, LLC"
FLML,"FLAMEL TECHNOLOGIES","*** No LMM ***"
FLOW,"SPX FLOW, INC.","*** No LMM ***"
FLR,"FLUOR CP (NEW)","SUSQUEHANNA SECURITIES"
FLS,"FLOWSERVE CP","*** No LMM ***"
FLT,"FLEETCOR TECH","SUSQUEHANNA SECURITIES"
FLTX,"FLEETMATICS GROUP","CITADEL SECURITIES LLC"
FLY,"FLY LEASING LTD","*** No LMM ***"
FMC,"F M C CP","*** No LMM ***"
FMI,"FOUNDATION MEDICINE","*** No LMM ***"
FMSA,"FAIRMOUNT SANTROL","*** No LMM ***"
FNF,"FNF GROUP","WOLVERINE TRADING, LLC"
FNFG,"FIRST NIAGARA FINL","*** No LMM ***"
FNSR,"FINISAR CORP","GOLDMAN, SACHS & CO."
FNV,"FRANCO-NEV CORP","CITADEL SECURITIES LLC"
FOLD,"Amicus Therapeutics","MORGAN STANLEY & CO. LLC"
FOSL,"FOSSIL GROUP CMN STK","TIMBER HILL LLC"
FOX,"21ST CENTRY FOX B CM","CITADEL SECURITIES LLC"
FOXA,"21ST CENTRY FOX A CM","GOLDMAN, SACHS & CO."
FRAN,"FRANCESCA'S HOLDINGS","WOLVERINE TRADING, LLC"
FRGI,"FIESTA RESTAURANT GP","*** No LMM ***"
FRO,"FRONTLINE LTD","GOLDMAN, SACHS & CO."
FRPT,"FRESHPET INC CS","*** No LMM ***"
FRSH,"PAPA MURPHYS HLD COM","*** No LMM ***"
FSC,"FIFTH STREET FINANCE","*** No LMM ***"
FSLR,"FIRST SOLAR, INC.","MORGAN STANLEY & CO. LLC"
FTI,"FMC TECHNOLOGIES INC","SUSQUEHANNA SECURITIES"
FTK,"FLOTEK INDS INC (DE)","WOLVERINE TRADING, LLC"
FTNT,"FORTINET, INC.","CITADEL SECURITIES LLC"
FTR,"FRONTIER COMMUN CP","CITADEL SECURITIES LLC"
FUEL,"Rocket Fuel Inc.","GOLDMAN, SACHS & CO."
FWM,"FAIRWAY GP HLD CL A","WOLVERINE TRADING, LLC"
FXA,"CRRNCYSHR AUS DLR TR","WOLVERINE TRADING, LLC"
FXC,"CRRNCYSHRS CAN DL TR","CITADEL SECURITIES LLC"
FXCM,"FXCM INC.","*** No LMM ***"
FXE,"CURRENCYSHARES EURO","WOLVERINE TRADING, LLC"
FXI,"ISHARES CHINA","WOLVERINE TRADING, LLC"
FXP,"PROSHARES ULTRASHORT","WOLVERINE TRADING, LLC"
FXY,"CRNCYSHRS JPN YEN TR","WOLVERINE TRADING, LLC"
G,"GENPACT LIMITED","WOLVERINE TRADING, LLC"
GALE,"GALENA BIOPHARMA, IN","CITADEL SECURITIES LLC"
GALT,"GALECTIN THERAPEUTIC","MORGAN STANLEY & CO. LLC"
GASL,"DXN DLY NAT GAS 3X B","*** No LMM ***"
GBX,"GREENBRIER CO INC","MORGAN STANLEY & CO. LLC"
GD,"GEN DYNAMICS CP","WOLVERINE TRADING, LLC"
GDDY,"GoDaddy Inc.","GOLDMAN, SACHS & CO."
GDOT,"GREEN DOT CORP","CITADEL SECURITIES LLC"
GDX,"MKT VECT GOLD MNRS","TIMBER HILL LLC"
GDXJ,"MARKET VECTORS JUNIO","SUSQUEHANNA SECURITIES"
GE,"GEN ELECTRIC CO","CITADEL SECURITIES LLC"
GEL,"GENESIS ENERGY LP","*** No LMM ***"
GEO,"GEO GROUP INC (THE)","SUSQUEHANNA SECURITIES"
GEOS,"GEOSPACE TECHNOLOGIE","CITADEL SECURITIES LLC"
GERN,"GERON CORPORATION","MORGAN STANLEY & CO. LLC"
GES,"GUESS INC.","*** No LMM ***"
GFI,"GOLD FIELDS LIMITED","WOLVERINE TRADING, LLC"
GG,"GOLDCORP INC","WOLVERINE TRADING, LLC"
GGAL,"GRUPO FIN GALICIA","SUSQUEHANNA SECURITIES"
GGB,"GERDAU SA ADS","*** No LMM ***"
GGP,"GEN'L GROWTH PPTIES","TIMBER HILL LLC"
GIII,"G-III APPAREL GP I","*** No LMM ***"
GIL,"GILDAN ACTIVEWEAR","*** No LMM ***"
GILD,"GILEAD SCIENCES, INC","SUSQUEHANNA SECURITIES"
GIMO,"GIGAMON INC.","MORGAN STANLEY & CO. LLC"
GIS,"GEN MILLS INC","WOLVERINE TRADING, LLC"
GLD,"SPDR GOLD SHARES","TIMBER HILL LLC"
GLF,"GULFMARK OFFSHRE NEW","*** No LMM ***"
GLNG,"GOLAR LNG LTD","SUSQUEHANNA SECURITIES"
GLOG,"GASLOG LTD.","MORGAN STANLEY & CO. LLC"
GLPI,"GAMING & LEISURE","*** No LMM ***"
GLUU,"GLU MOBILE INC.","MORGAN STANLEY & CO. LLC"
GLW,"CORNING INC","WOLVERINE TRADING, LLC"
GM,"GENERAL MOTORS CO","*** No LMM ***"
GME,"GAMESTOP CORP","SUSQUEHANNA SECURITIES"
GMLP,"GOLAR LNG PARTNERS","*** No LMM ***"
GNC,"GNC HOLDINGS","TIMBER HILL LLC"
GNE,"GENIE ENERGY LTD.","*** No LMM ***"
GNRC,"GENERAC HLDS INC","SUSQUEHANNA SECURITIES"
GNTX,"GENTEX CORP","*** No LMM ***"
GNW,"GENWORTH FINANCIAL","WOLVERINE TRADING, LLC"
GOGL,"GOLDEN OCEAN GP CMN","SUSQUEHANNA SECURITIES"
GOGO,"GOGO INC CMN STK","SUSQUEHANNA SECURITIES"
GOL,"GOL LINHAS AEREAS IN","WOLVERINE TRADING, LLC"
GOLD,"RANDGOLD RES LTD","WOLVERINE TRADING, LLC"
GOOG,"ALPHABET CL C CAP","GOLDMAN, SACHS & CO."
GOOGL,"ALPHABET CL A CMN","MORGAN STANLEY & CO. LLC"
GORO,"GOLD RESOURCE CORP","WOLVERINE TRADING, LLC"
GOV,"GOVERNMENT PROPERTIE","*** No LMM ***"
GPC,"GENUINE PARTS CO","*** No LMM ***"
GPK,"GRAPHIC PACKAGING HO","*** No LMM ***"
GPN,"GLOBAL PAYMENTS INC","*** No LMM ***"
GPOR,"GULFPORT ENERGY CORP","CITADEL SECURITIES LLC"
GPRE,"GREEN PLAINS INC CMN","GOLDMAN, SACHS & CO."
GPRO,"GOPRO INC CL A CMN","GOLDMAN, SACHS & CO."
GPS,"GAP INC","*** No LMM ***"
GRA,"GRACE W R CO NEW","CITADEL SECURITIES LLC"
GRFS,"GRIFOLS, S.A.","CITADEL SECURITIES LLC"
GRMN,"GARMIN LTD","*** No LMM ***"
GRPN,"GROUPON CL A CMN","*** No LMM ***"
GRUB,"GRUBHUB, INC.","*** No LMM ***"
GS,"GOLDMAN SACHS GRP","SUSQUEHANNA SECURITIES"
GSAT,"Globalstar Inc","GOLDMAN, SACHS & CO."
GSK,"GLAXOSMITHKLINE PLC","*** No LMM ***"
GSM,"FERROGLOBE PLC OS","*** No LMM ***"
GST,"GASTAR EXPL INC.","MORGAN STANLEY & CO. LLC"
GSVC,"GSV CAPITAL CP CMN","MORGAN STANLEY & CO. LLC"
GT,"GOODYEAR TIRE RUBBER","WOLVERINE TRADING, LLC"
GTLS,"CHART INDUSTRIES, IN","MORGAN STANLEY & CO. LLC"
GTN,"GRAY TELEVISION INC","*** No LMM ***"
GTXI,"GTX, INC.","MORGAN STANLEY & CO. LLC"
GWPH,"GW PHARMA ADR","CITADEL SECURITIES LLC"
GWR,"GENESEE","*** No LMM ***"
GWW,"GRAINGER W W INC","SUSQUEHANNA SECURITIES"
H,"HYATT HOTELS CORP","SUSQUEHANNA SECURITIES"
HA,"HAWAIIAN HLDGS INC","WOLVERINE TRADING, LLC"
HAIN,"HAIN CELESTIAL GRP","MORGAN STANLEY & CO. LLC"
HAL,"HALLIBURTON CO","CITADEL SECURITIES LLC"
HALO,"HALOZYME THERAPEUTIC","MORGAN STANLEY & CO. LLC"
HAR,"HARMAN INTL INDS","*** No LMM ***"
HAS,"HASBRO INC","MORGAN STANLEY & CO. LLC"
HASI,"HANNON ARMSTRONG","*** No LMM ***"
HAWK,"BLACKHAWK NETWORK HO","*** No LMM ***"
HBAN,"HUNTINGTON BCSHS","SUSQUEHANNA SECURITIES"
HBI,"HANESBRANDS INC.","CITADEL SECURITIES LLC"
HCA,"HCA HOLDINGS, INC.","*** No LMM ***"
HCI,"HCI GROUP, INC.","*** No LMM ***"
HCLP,"HI-CRUSH PARTNERS LP","CITADEL SECURITIES LLC"
HCN,"WELLTOWER INC.","SUSQUEHANNA SECURITIES"
HCP,"HCP, INC.","TIMBER HILL LLC"
HD,"HOME DEPOT INC","WOLVERINE TRADING, LLC"
HDB,"HDFC BANK LTD","CITADEL SECURITIES LLC"
HDS,"HD SUPPLY HLDS CMM","CITADEL SECURITIES LLC"
HEES,"H&E EQUIP SERVICES","*** No LMM ***"
HES,"HESS CP","WOLVERINE TRADING, LLC"
HFC,"HOLLYFRONTIER CP","*** No LMM ***"
HGG,"HHGREGG INC","SUSQUEHANNA SECURITIES"
HGT,"HUGOTON ROYALTY TR","CITADEL SECURITIES LLC"
HIBB,"HIBBETT SPORTS INC","SUSQUEHANNA SECURITIES"
HIFR,"INFRAREIT, INC.","*** No LMM ***"
HIG,"HARTFORD FIN SVC","WOLVERINE TRADING, LLC"
HIL,"HILL INTERNATIONAL","*** No LMM ***"
HIMX,"HIMAX TECHNOLOGIES","CITADEL SECURITIES LLC"
HK,"HALCON RES CORP","CITADEL SECURITIES LLC"
HL,"HECLA MINING CO","WOLVERINE TRADING, LLC"
HLF,"HERBALIFE LTD.","MORGAN STANLEY & CO. LLC"
HLT,"HILTON WORLDWIDE HLD","GOLDMAN, SACHS & CO."
HLX,"HELIX ENERGY SOLUTNS","*** No LMM ***"
HMC,"HONDA MOTOR CO ADR","CITADEL SECURITIES LLC"
HMSY,"HMS HLDGS CP","CITADEL SECURITIES LLC"
HMY,"HARMONY GOLD MINING","WOLVERINE TRADING, LLC"
HNR,"HARVEST NAT RES INC","WOLVERINE TRADING, LLC"
HNT,"HEALTH NET INC","*** No LMM ***"
HOG,"HARLEY DAVIDSON","SUSQUEHANNA SECURITIES"
HOLI,"HOLLYSYS AUTOMATION","*** No LMM ***"
HOLX,"HOLOGIC, INC.","CITADEL SECURITIES LLC"
HON,"HONEYWELL INTL INC","SUSQUEHANNA SECURITIES"
HOS,"HORNBECK OFFSHR SRVS","*** No LMM ***"
HOT,"STARWOOD HOTELS&RES","SUSQUEHANNA SECURITIES"
HOV,"HOVNANIAN ENT INC","TIMBER HILL LLC"
HP,"HELMERICH PAYNE","SUSQUEHANNA SECURITIES"
HPE,"HEWLETT PACKARD ENT","*** No LMM ***"
HPQ,"HP Inc.","WOLVERINE TRADING, LLC"
HPT,"HOSPITALITY PROP TR","WOLVERINE TRADING, LLC"
HR,"HEALTHCARE RLTY TR","CITADEL SECURITIES LLC"
HRB,"H R BLOCK INC","WOLVERINE TRADING, LLC"
HRL,"HORMEL FOODS CP","*** No LMM ***"
HRS,"HARRIS CP","*** No LMM ***"
HRTX,"HERON THERAPEUTICS","*** No LMM ***"
HSBC,"HSBC HLDGS PLC ADS","*** No LMM ***"
HSNI,"HSN, INC. CMN STK","*** No LMM ***"
HST,"HOST HOTELS & RESORT","CITADEL SECURITIES LLC"
HSY,"THE HERSHEY COMPANY","GOLDMAN, SACHS & CO."
HTH,"HILLTOP HOLDINGS","*** No LMM ***"
HTS,"HATTERAS FINL CPRP","*** No LMM ***"
HTWR,"HRTWR INTRNTL INC","*** No LMM ***"
HTZ,"HERTZ GLOBAL HOLDING","SUSQUEHANNA SECURITIES"
HUM,"HUMANA INC","CITADEL SECURITIES LLC"
HUN,"HUNTSMAN CORPORATION","GOLDMAN, SACHS & CO."
HW,"HEADWATERS INC","SUSQUEHANNA SECURITIES"
HYG,"ISHARES","WOLVERINE TRADING, LLC"
HYH,"HALYARD HEALTH INC.","*** No LMM ***"
HZNP,"HORIZON PHARMA ORD","SUSQUEHANNA SECURITIES"
I,"Intelsat S.A.","*** No LMM ***"
IAC,"IAC/INTERACTIVE","CITADEL SECURITIES LLC"
IAG,"IAMGOLD CORPORATION","WOLVERINE TRADING, LLC"
IAU,"ISHARES GOLD TRUST","CITADEL SECURITIES LLC"
IBB,"ISHARE NQ BIOTCH ETF","MORGAN STANLEY & CO. LLC"
IBKR,"INTERACTIVE BROKERS","CITADEL SECURITIES LLC"
IBM,"INTL BUSINESS MACH","SUSQUEHANNA SECURITIES"
IBN,"ICICI BK LTD ADS","CITADEL SECURITIES LLC"
ICE,"INTERCONTINENTAL XCH","MORGAN STANLEY & CO. LLC"
ICON,"ICONIX BRAND GROUP","*** No LMM ***"
ICPT,"INTERCEPT PHARMACEUT","MORGAN STANLEY & CO. LLC"
IDCC,"INTERDIGITAL INC","WOLVERINE TRADING, LLC"
IDRA,"IDERA PHARMACEUTICAL","MORGAN STANLEY & CO. LLC"
IDTI,"INTEGRATED DEVICES","WOLVERINE TRADING, LLC"
IEF,"ISHARES 7-10","CITADEL SECURITIES LLC"
IEP,"ICAHN ENTERPRISES","MORGAN STANLEY & CO. LLC"
IGT,"INTERNATIONAL GAME T","WOLVERINE TRADING, LLC"
IL,"INTRALINKS HOLDINGS","*** No LMM ***"
ILMN,"ILLUMINA, INC.","SUSQUEHANNA SECURITIES"
IMAX,"IMAX CORP","MORGAN STANLEY & CO. LLC"
IMGN,"IMMUNOGEN, INC.","CITADEL SECURITIES LLC"
IMH,"IMPAC MTG HLDGS INC","*** No LMM ***"
IMKTA,"INGLES MARKETS INC","*** No LMM ***"
IMMR,"IMMERSION CORP","*** No LMM ***"
IMMU,"IMMUNOMEDICS, INC.","MORGAN STANLEY & CO. LLC"
IMOS,"CHIPMOS TECH NEW","CITADEL SECURITIES LLC"
IMPV,"IMPERVA, INC.","GOLDMAN, SACHS & CO."
IMUC,"IMMUNOCELLULAR THERA","CITADEL SECURITIES LLC"
INCY,"INCYTE CORPORATION","MORGAN STANLEY & CO. LLC"
INFI,"INFINITY PHARMACEUTI","MORGAN STANLEY & CO. LLC"
INFN,"INFINERA CORPORATION","TIMBER HILL LLC"
INFY,"INFOSYS LTD ADS","SUSQUEHANNA SECURITIES"
ING,"ING GROUP NV ADS","WOLVERINE TRADING, LLC"
INO,"INOVIO PHARMA CMN","CITADEL SECURITIES LLC"
INSM,"INSMED INC","SUSQUEHANNA SECURITIES"
INSY,"INSYS THERAPTCS CMN","CITADEL SECURITIES LLC"
INTC,"INTEL CORP","CITADEL SECURITIES LLC"
INTU,"INTUIT INC","GOLDMAN, SACHS & CO."
INTX,"INTERSECTIONS, INC.","*** No LMM ***"
INVA,"Innoviva, Inc.","MORGAN STANLEY & CO. LLC"
INVE,"IDENTIV, INC.","*** No LMM ***"
INVN,"INVENSENSE, INC.","GOLDMAN, SACHS & CO."
INXN,"INTERXION HOLDING NV","*** No LMM ***"
IOC,"INTEROIL CORPORATION","SUSQUEHANNA SECURITIES"
IONS,"IONIS PHARMACEUTICAL","MORGAN STANLEY & CO. LLC"
IP,"INTL PAPER","WOLVERINE TRADING, LLC"
IPG,"INTERPUBLIC GROUP","SUSQUEHANNA SECURITIES"
IPGP,"IPG PHOTONICS CORP","MORGAN STANLEY & CO. LLC"
IPHI,"INPHI CORPORATION","*** No LMM ***"
IPI,"INTREPID POTASH INC","CITADEL SECURITIES LLC"
IPXL,"IMPAX LABS INC","*** No LMM ***"
IQNT,"INTELIQUENT INC CMN","*** No LMM ***"
IR,"INGERSOLL RAND LTD A","GOLDMAN, SACHS & CO."
IRBT,"IROBOT CORPORATION","SUSQUEHANNA SECURITIES"
IRDM,"IRIDIUM COMM INC","WOLVERINE TRADING, LLC"
IRM,"IRON MOUNTAIN (DEL)","WOLVERINE TRADING, LLC"
IRWD,"IRONWOOD PHARMACEUTI","CITADEL SECURITIES LLC"
ISIL,"INTERSIL CORP CLA","*** No LMM ***"
ISRG,"INTUITIVE SURG, INC.","MORGAN STANLEY & CO. LLC"
ITB,"ISHARES  US HCIF","WOLVERINE TRADING, LLC"
ITC,"ITC HOLDINGS CORP","*** No LMM ***"
ITUB,"ITAU UNIBANCO ADS","*** No LMM ***"
ITW,"ILL TOOL WORKS INC","TIMBER HILL LLC"
IVR,"INVESCO MORTGAGE INC","MORGAN STANLEY & CO. LLC"
IVZ,"INVESCO LTD","GOLDMAN, SACHS & CO."
IWC,"iShares Microcap ETF","CITADEL SECURITIES LLC"
IWM,"ISHARE RUS 2000 ETF","WOLVERINE TRADING, LLC"
IWN,"ISHARE RUS 2000 VALU","CITADEL SECURITIES LLC"
IWO,"ISHARES RUSSELL 2000","CITADEL SECURITIES LLC"
IYR,"ISHARE","WOLVERINE TRADING, LLC"
IYT,"ISHARES TRANS AVG","GOLDMAN, SACHS & CO."
JACK,"JACK IN THE BOX INC","*** No LMM ***"
JAH,"JARDEN CP","WOLVERINE TRADING, LLC"
JAKK,"JAKKS PACIFIC INC","SUSQUEHANNA SECURITIES"
JASO,"JA SOLAR HOLDINGS","WOLVERINE TRADING, LLC"
JAZZ,"JAZZ PHARMA PLC","SUSQUEHANNA SECURITIES"
JBHT,"J B HUNT TRANSPORT","WOLVERINE TRADING, LLC"
JBL,"JABIL CIRCUIT INC","SUSQUEHANNA SECURITIES"
JBLU,"JETBLUE AIRWAYS CP","WOLVERINE TRADING, LLC"
JCI,"JOHNSON CONTROLS INC","CITADEL SECURITIES LLC"
JCP,"PENNEY J C CO HOLDIN","CITADEL SECURITIES LLC"
JD,"JD.COM, INC. ADS","GOLDMAN, SACHS & CO."
JE,"JUST ENERGY GROUP","SUSQUEHANNA SECURITIES"
JEC,"JACOBS ENGINEERNG GP","*** No LMM ***"
JIVE,"JIVE SOFTWARE, INC.","CITADEL SECURITIES LLC"
JKS,"JINKOSOLAR HOLDING C","SUSQUEHANNA SECURITIES"
JMBA,"JAMBA, INC. CMN STK","*** No LMM ***"
JMEI,"JUMEI INTL ADR","SUSQUEHANNA SECURITIES"
JNJ,"JOHNSON AND JOHNS DC","*** No LMM ***"
JNK,"SPDR BARCLAY HYB ETF","CITADEL SECURITIES LLC"
JNPR,"JUNIPER NETWORKS","WOLVERINE TRADING, LLC"
JNS,"JANUS CAP GP CMN STK","TIMBER HILL LLC"
JOE,"ST JOE CO (THE)","WOLVERINE TRADING, LLC"
JONE,"Jones Energy, Inc.","*** No LMM ***"
JOY,"JOY GLOBAL INC","SUSQUEHANNA SECURITIES"
JPM,"JP MORGAN CHASE CO","CITADEL SECURITIES LLC"
JRJC,"CHINA FINANCE ONLINE","WOLVERINE TRADING, LLC"
JUNO,"JUNO THERAPEUTICS CM","*** No LMM ***"
JWN,"NORDSTROM INC","WOLVERINE TRADING, LLC"
K,"KELLOGG CO","WOLVERINE TRADING, LLC"
KANG,"IKANG HEALTHCARE ADR","*** No LMM ***"
KAR,"KAR AUCTION SERVICES","*** No LMM ***"
KATE,"Kate Spade & Co","TIMBER HILL LLC"
KBE,"SPDR S&P BANK ETF","WOLVERINE TRADING, LLC"
KBH,"KB HOME","WOLVERINE TRADING, LLC"
KBR,"KBR INC","WOLVERINE TRADING, LLC"
KCG,"KCG HOLDINGS, INC.","TIMBER HILL LLC"
KERX,"KERYX BIOPHARM INC","GOLDMAN, SACHS & CO."
KEX,"KIRBY CORPORATION","*** No LMM ***"
KEY,"KEYCORP","GOLDMAN, SACHS & CO."
KEYW,"KEYW HOLDING CORP","WOLVERINE TRADING, LLC"
KGC,"KINROSS GOLD CP","WOLVERINE TRADING, LLC"
KHC,"KRAFT HEINZ CO CMN","*** No LMM ***"
KIM,"KIMCO REALTY CP","*** No LMM ***"
KITE,"KITE PHARMA, INC. CM","*** No LMM ***"
KKD,"KRISPY KREME DOUGHNT","SUSQUEHANNA SECURITIES"
KKR,"KKR & CO. L.P.","SUSQUEHANNA SECURITIES"
KLAC,"K L A-TENCOR CORP","TIMBER HILL LLC"
KLIC,"KULICKE AND SOFFA","WOLVERINE TRADING, LLC"
KLXI,"KLX INC.","*** No LMM ***"
KMB,"KIMBERLY CLARK CP","GOLDMAN, SACHS & CO."
KMI,"KINDER MORGAN, INC","WOLVERINE TRADING, LLC"
KMX,"CARMAX INC","TIMBER HILL LLC"
KN,"KNOWLES CORP.","*** No LMM ***"
KND,"KINDRED HEALTHCARE","*** No LMM ***"
KNDI,"KANDI TECHS GRP CMN","WOLVERINE TRADING, LLC"
KO,"COCA COLA CO THE","CITADEL SECURITIES LLC"
KODK,"EASTMAN KODAK","*** No LMM ***"
KORS,"MICHAEL KORS HLD LTD","TIMBER HILL LLC"
KOS,"KOSMOS ENERGY LTD.","CITADEL SECURITIES LLC"
KPTI,"KARYOPHARM THERAPEUT","*** No LMM ***"
KR,"KROGER CO","GOLDMAN, SACHS & CO."
KRE,"SPDR S&P REGIONAL BA","WOLVERINE TRADING, LLC"
KS,"KAPSTONE PAPER","CITADEL SECURITIES LLC"
KSS,"KOHLS CP","WOLVERINE TRADING, LLC"
KSU,"KANSAS CITY SOUTHERN","GOLDMAN, SACHS & CO."
KTOS,"KRATOS DEFNS","*** No LMM ***"
KZ,"KONGZHONG CORP","WOLVERINE TRADING, LLC"
LAD,"LITHIA MOTORS INC","*** No LMM ***"
LAMR,"LAMAR ADVERTIS A","CITADEL SECURITIES LLC"
LAZ,"LAZARD LTD.","WOLVERINE TRADING, LLC"
LB,"L BRANDS, INC","CITADEL SECURITIES LLC"
LBTYA,"LIBERTY GLOBAL ORD A","GOLDMAN, SACHS & CO."
LBTYK,"LIBERTY GLOBAL ORD C","CITADEL SECURITIES LLC"
LC,"LENDINGCLUB CORP","*** No LMM ***"
LCI,"Lannett Company Inc","*** No LMM ***"
LDOS,"LEIDOS HLDGS, INC.","GOLDMAN, SACHS & CO."
LE,"LANDS' END INC CMN","GOLDMAN, SACHS & CO."
LEA,"LEAR CORPORATION","WOLVERINE TRADING, LLC"
LEG,"LEGGETT PLATT INC","WOLVERINE TRADING, LLC"
LEN,"LENNAR CP CL A","*** No LMM ***"
LF,"LEAPFROG ENTERPRISES","WOLVERINE TRADING, LLC"
LFC,"CHINA LIFE INS CO","WOLVERINE TRADING, LLC"
LGCY,"LEGACY RESERVES LP","*** No LMM ***"
LGF,"LIONS GATE ENTMT CP","*** No LMM ***"
LGND,"LIGAND PHARM CMN","*** No LMM ***"
LH,"LABORATORY CORP NEW","CITADEL SECURITIES LLC"
LINE,"LINN ENERGY LLC UTS","*** No LMM ***"
LITB,"LIGHTINTHEBOX ADR","CITADEL SECURITIES LLC"
LJPC,"LA JOLLA PHARMA","*** No LMM ***"
LKQ,"LKQ CORP","*** No LMM ***"
LL,"LUMBER LIQUID HLDGS","WOLVERINE TRADING, LLC"
LLL,"L-3 COMM HLDGS INC","SUSQUEHANNA SECURITIES"
LLNW,"LIMELIGHT NETWORKS,","*** No LMM ***"
LLTC,"LINEAR TECHNOLOGY","WOLVERINE TRADING, LLC"
LLY,"LILLY ELI CO","CITADEL SECURITIES LLC"
LM,"LEGG MASON INC","WOLVERINE TRADING, LLC"
LMOS,"LUMOS NETWORKS CORP","SUSQUEHANNA SECURITIES"
LMT,"LOCKHEED MARTIN CP","WOLVERINE TRADING, LLC"
LNC,"LINCOLN NATL CP","TIMBER HILL LLC"
LNCO,"LINN CO, LLC","WOLVERINE TRADING, LLC"
LNG,"CHENIERE ENERGY INC","SUSQUEHANNA SECURITIES"
LNKD,"LinkedIn Corporation","WOLVERINE TRADING, LLC"
LOCK,"LifeLock, Inc.","WOLVERINE TRADING, LLC"
LOCO,"EL POLLO LOCO CMN","GOLDMAN, SACHS & CO."
LOGI,"LOGITECH INT SA","WOLVERINE TRADING, LLC"
LOGM,"LOGMEIN, INC.","MORGAN STANLEY & CO. LLC"
LOW,"LOWES COMPANIES","SUSQUEHANNA SECURITIES"
LPI,"LAREDO PETROLEUM INC","WOLVERINE TRADING, LLC"
LPX,"LOUISIANA PACIFIC CP","GOLDMAN, SACHS & CO."
LQ,"LA QUINTA HOLDINGS","*** No LMM ***"
LQD,"ISHARES","CITADEL SECURITIES LLC"
LQDT,"LIQUIDITY SERVICES","WOLVERINE TRADING, LLC"
LRCX,"LAM RESEARCH CORP","SUSQUEHANNA SECURITIES"
LUK,"LEUCADIA NATL CP","SUSQUEHANNA SECURITIES"
LULU,"LULULEMON ATHLETICA","SUSQUEHANNA SECURITIES"
LUV,"SOUTHWEST AIRLINES","SUSQUEHANNA SECURITIES"
LVLT,"LEVEL 3 COMM INC","SUSQUEHANNA SECURITIES"
LVS,"LAS VEGAS SANDS CORP","WOLVERINE TRADING, LLC"
LXK,"LEXMARK INTL INC","CITADEL SECURITIES LLC"
LYB,"LYONDELLBASELL","WOLVERINE TRADING, LLC"
LYG,"LLOYDS BNKG GP ADS","WOLVERINE TRADING, LLC"
LYV,"LIVE NATION ENTMNT","WOLVERINE TRADING, LLC"
LZB,"LA Z BOY INC","WOLVERINE TRADING, LLC"
M,"MACY'S INC","TIMBER HILL LLC"
MA,"MASTERCARD INC","WOLVERINE TRADING, LLC"
MAC,"MACERICH CO","WOLVERINE TRADING, LLC"
MACK,"MERRIMACK PHARMACEUT","MORGAN STANLEY & CO. LLC"
MAN,"MANPOWERGROUP","*** No LMM ***"
MANH,"MANHATTAN ASSOC","*** No LMM ***"
MAR,"MARRIOT INT CL A CMN","SUSQUEHANNA SECURITIES"
MAS,"MASCO CP","SUSQUEHANNA SECURITIES"
MAT,"MATTEL INC","WOLVERINE TRADING, LLC"
MBI,"M B I A INC","WOLVERINE TRADING, LLC"
MBLY,"MOBILEYE N.V.","*** No LMM ***"
MBT,"MOBILE TELSYS PJSC","*** No LMM ***"
MCD,"MCDONALDS CP","WOLVERINE TRADING, LLC"
MCEP,"MID-CON ENERGY PARTN","*** No LMM ***"
MCF,"CONTANGO OIL & GAS","*** No LMM ***"
MCHP,"MICROCHIP TECHNOLOGY","*** No LMM ***"
MCK,"MCKESSON CORP","TIMBER HILL LLC"
MCO,"MOODY'S CORP","CITADEL SECURITIES LLC"
MDC,"M D C HOLDINGS","TIMBER HILL LLC"
MDCO,"MEDICINES CO (THE)","MORGAN STANLEY & CO. LLC"
MDLZ,"MONDELEZ INTL CMN A","WOLVERINE TRADING, LLC"
MDP,"MEREDITH CP","*** No LMM ***"
MDR,"MCDERMOTT INT PANAMA","WOLVERINE TRADING, LLC"
MDRX,"ALLSCRIPTS HLTHCARE","WOLVERINE TRADING, LLC"
MDSO,"MEDIDATA SOLUTIONS,","WOLVERINE TRADING, LLC"
MDT,"MEDTRONIC PLC","SUSQUEHANNA SECURITIES"
MDVN,"MEDIVATION INC","MORGAN STANLEY & CO. LLC"
MDXG,"MIMEDX GROUP INC","*** No LMM ***"
MDY,"SPDR S&P MIDCAP 400","SUSQUEHANNA SECURITIES"
MED,"MEDIFAST INC","SUSQUEHANNA SECURITIES"
MEG,"MEDIA GENERAL, INC.","SUSQUEHANNA SECURITIES"
MEI,"METHODE ELECTR","MORGAN STANLEY & CO. LLC"
MELI,"MERCADOLIBRE, INC.","GOLDMAN, SACHS & CO."
MEMP,"MEMORIAL PRODUCTION","*** No LMM ***"
MENT,"MENTOR GRAPHICS","*** No LMM ***"
MEOH,"METHANEX CP","TIMBER HILL LLC"
MET,"METLIFE INC","SUSQUEHANNA SECURITIES"
MFC,"MANULIFE FIN CORP","*** No LMM ***"
MFRM,"MATTRESS FIRM HLDG C","*** No LMM ***"
MGA,"MAGNA INTL INC","SUSQUEHANNA SECURITIES"
MGI,"MONEYGRAM INTL CMN","*** No LMM ***"
MGM,"MGM RESORTS INTL","TIMBER HILL LLC"
MHFI,"MCGRAW HILL FINL","CITADEL SECURITIES LLC"
MHK,"MOHAWK INDS INC","MORGAN STANLEY & CO. LLC"
MHLD,"MAIDEN HOLDINGS LTD","*** No LMM ***"
MIC,"MACQUARIE INFRASTRUC","*** No LMM ***"
MIFI,"NOVATEL WIRELESS CMN","*** No LMM ***"
MIK,"THE MICHAELS COMP CM","*** No LMM ***"
MJN,"MEAD JOHNSON NUTRITI","*** No LMM ***"
MKC,"MCCORMICK & CO","*** No LMM ***"
MKTO,"MARKETO, INC","CITADEL SECURITIES LLC"
MLM,"MARTIN MARIETTA MTRL","WOLVERINE TRADING, LLC"
MLNX,"MELLANOX TECHNOLOGIE","*** No LMM ***"
MMC,"MARSH MCLENNAN CO","WOLVERINE TRADING, LLC"
MMLP,"MARTIN MIDSTRM LP","*** No LMM ***"
MMM,"3M COMPANY","SUSQUEHANNA SECURITIES"
MMP,"MAGELLAN MIDSTREAM","MORGAN STANLEY & CO. LLC"
MNK,"MALLINCKRODT PLC","MORGAN STANLEY & CO. LLC"
MNKD,"MANNKIND CORPORATION","GOLDMAN, SACHS & CO."
MNST,"MONSTER BEVERAGE CP","GOLDMAN, SACHS & CO."
MNTA,"MOMENTA PHARMA","CITADEL SECURITIES LLC"
MO,"ALTRIA GROUP INC","CITADEL SECURITIES LLC"
MOBI,"SKY-MOBI LIMITED","WOLVERINE TRADING, LLC"
MOBL,"MOBILEIRON INC CM","*** No LMM ***"
MODN,"MODEL N, INC.","CITADEL SECURITIES LLC"
MOH,"MOLINA HEALTHCARE","*** No LMM ***"
MOMO,"MOMO INC. ADS","*** No LMM ***"
MON,"MONSANTO COMPANY","SUSQUEHANNA SECURITIES"
MOS,"MOSAIC COMPANY NEW","SUSQUEHANNA SECURITIES"
MPC,"MARATHON PETROLEUM","WOLVERINE TRADING, LLC"
MPEL,"MELCO CROWN ENTM ADS","CITADEL SECURITIES LLC"
MPLX,"MPLX LP","*** No LMM ***"
MPW,"MEDICL PROP TRST, IN","*** No LMM ***"
MPWR,"MONOLITHIC POWER SYS","*** No LMM ***"
MRC,"MRC GLOBAL INC.","*** No LMM ***"
MRD,"MEMORIAL RSRC DEV CS","*** No LMM ***"
MRK,"MERCK CO INC","CITADEL SECURITIES LLC"
MRKT,"MARKIT LTD. COM SH","WOLVERINE TRADING, LLC"
MRO,"MARATHON OIL CORP","WOLVERINE TRADING, LLC"
MRVL,"MARVELL TECH GROUP","WOLVERINE TRADING, LLC"
MS,"MORGAN STANLEY","WOLVERINE TRADING, LLC"
MSB,"MESABI TRUST CTF BI","*** No LMM ***"
MSCC,"MICROSEMI CORP","*** No LMM ***"
MSFT,"MICROSOFT CORP","GOLDMAN, SACHS & CO."
MSGN,"MSG NETWORKS INC.","WOLVERINE TRADING, LLC"
MSI,"MOTOROLA SOLUTIONS","CITADEL SECURITIES LLC"
MSTR,"MICROSTRATEGY CL A","*** No LMM ***"
MT,"ARCELOR MITTAL NEW","WOLVERINE TRADING, LLC"
MTB,"M&T BANK CORP","SUSQUEHANNA SECURITIES"
MTDR,"MATADOR RESOURCES CO","SUSQUEHANNA SECURITIES"
MTG,"M G I C INVEST CP","WOLVERINE TRADING, LLC"
MTGE,"AMERICAN CAP MTG INV","WOLVERINE TRADING, LLC"
MTH,"MERITAGE HOMES CORP","TIMBER HILL LLC"
MTN,"VAIL RESORTS INC","*** No LMM ***"
MTOR,"MERITOR INC","CITADEL SECURITIES LLC"
MTW,"MANITOWOC CO INC","MORGAN STANLEY & CO. LLC"
MTZ,"MASTEC INC.","CITADEL SECURITIES LLC"
MU,"MICRON TECHNOLOGY","MORGAN STANLEY & CO. LLC"
MUB,"ISHARES NATIONAL MUN","WOLVERINE TRADING, LLC"
MUR,"MURPHY OIL CP HLDG","WOLVERINE TRADING, LLC"
MVIS,"MICROVISION","MORGAN STANLEY & CO. LLC"
MWW,"MONSTER WORLDWIDE","WOLVERINE TRADING, LLC"
MX,"MAGNACHIP SEMICONDUC","*** No LMM ***"
MXIM,"MAXIM INTEGRATED","WOLVERINE TRADING, LLC"
MXWL,"MAXWELL TECHNOLOGIES","MORGAN STANLEY & CO. LLC"
MYCC,"CLUBCORP HLDGS, INC.","*** No LMM ***"
MYGN,"MYRIAD GENETICS, INC","CITADEL SECURITIES LLC"
MYL,"MYLAN NV ORD SHS","MORGAN STANLEY & CO. LLC"
N,"NETSUITE INC","WOLVERINE TRADING, LLC"
NAT,"NORDIC AMRN TANKERS","MORGAN STANLEY & CO. LLC"
NAV,"NAVISTAR INTL CP","SUSQUEHANNA SECURITIES"
NAVB,"NAVIDEA BIOPHAR INC","WOLVERINE TRADING, LLC"
NAVI,"NAVIENT CP CMN","*** No LMM ***"
NBIX,"NEUROCRINE BIOSCIENC","CITADEL SECURITIES LLC"
NBL,"NOBLE ENERGY INC","SUSQUEHANNA SECURITIES"
NBR,"NABORS INDS LTD NEW","WOLVERINE TRADING, LLC"
NCLH,"NORWEGIAN CRUISE ORD","*** No LMM ***"
NCMI,"NATIONAL CINEMEDIA","*** No LMM ***"
NCR,"NCR CP","WOLVERINE TRADING, LLC"
NCT,"NEWCASTLE INV CP","WOLVERINE TRADING, LLC"
NDAQ,"NASDAQ, INC. CMN STK","*** No LMM ***"
NDLS,"NOODLES & CO CLA CMN","GOLDMAN, SACHS & CO."
NE,"NOBLE CORPORATION","WOLVERINE TRADING, LLC"
NEE,"NEXTERA ENERGY, INC.","SUSQUEHANNA SECURITIES"
NEM,"NEWMONT MINING CORP","WOLVERINE TRADING, LLC"
NEON,"Neonode Inc.","CITADEL SECURITIES LLC"
NEPT,"NEPTUNE TECH","MORGAN STANLEY & CO. LLC"
NFG,"NATL FUEL GAS CO","*** No LMM ***"
NFLX,"NETFLIX, INC.","SUSQUEHANNA SECURITIES"
NFX,"NEWFIELD EXP COM","SUSQUEHANNA SECURITIES"
NG,"NOVAGOLD RESOURCES I","WOLVERINE TRADING, LLC"
NGD,"NEW GOLD INC","CITADEL SECURITIES LLC"
NGG,"NATIONAL GRID PLC","MORGAN STANLEY & CO. LLC"
NGL,"NGL ENERGY PARTNERS","*** No LMM ***"
NHTC,"NATURAL HLTH TRD CM","*** No LMM ***"
NI,"NISOURCE INC HLDG CO","WOLVERINE TRADING, LLC"
NILE,"BLUE NILE, INC.","*** No LMM ***"
NKE,"NIKE INC CL B","WOLVERINE TRADING, LLC"
NKTR,"NEKTAR THERAPEUTICS","MORGAN STANLEY & CO. LLC"
NLNK,"NEWLINK GENETICS COR","GOLDMAN, SACHS & CO."
NLS,"NAUTILUS INC","*** No LMM ***"
NLSN,"NIELSEN NV ORD SHS","WOLVERINE TRADING, LLC"
NLY,"ANNALY CAPITAL MANAG","WOLVERINE TRADING, LLC"
NM,"NAVIOS MARITIME","WOLVERINE TRADING, LLC"
NMBL,"NIMBLE STORAGE, INC.","SUSQUEHANNA SECURITIES"
NMM,"NAVIOS MARITIME PTN","MORGAN STANLEY & CO. LLC"
NNN,"NATIONAL RETAIL PROP","*** No LMM ***"
NOAH,"NOAH HOLDINGS LTD","WOLVERINE TRADING, LLC"
NOC,"NORTHROP GRUM HOL CO","SUSQUEHANNA SECURITIES"
NOG,"NORTHERN OIL AND GAS","MORGAN STANLEY & CO. LLC"
NOK,"NOKIA CP ADS","WOLVERINE TRADING, LLC"
NOV,"NATL OILWELL VARCO","WOLVERINE TRADING, LLC"
NOW,"SERVICENOW, INC.","MORGAN STANLEY & CO. LLC"
NPTN,"NEOPHOTONIC CORP","*** No LMM ***"
NQ,"NQ Mobile Inc.","CITADEL SECURITIES LLC"
NRF,"NORTHSTAR REALTY","WOLVERINE TRADING, LLC"
NRG,"NRG ENERGY INC","WOLVERINE TRADING, LLC"
NRP,"NATURAL RES PTNRS LP","WOLVERINE TRADING, LLC"
NRZ,"NEW RESIDENTIAL INVT","*** No LMM ***"
NS,"NUSTAR ENERGY L.P.","WOLVERINE TRADING, LLC"
NSAM,"NORTHSTAR ASSET","*** No LMM ***"
NSC,"NORFOLK SOUTHERN CP","WOLVERINE TRADING, LLC"
NSH,"NUSTAR GP HGS UTS","CITADEL SECURITIES LLC"
NSM,"NATIONSTAR MORTGAGE","GOLDMAN, SACHS & CO."
NSR,"NEUSTAR, INC. CL A","WOLVERINE TRADING, LLC"
NTAP,"NETAPP, INC.","SUSQUEHANNA SECURITIES"
NTCT,"NETSCOUT SYSTEMS I","*** No LMM ***"
NTES,"NETEASE INC ADS","*** No LMM ***"
NTGR,"NETGEAR INC","*** No LMM ***"
NTI,"NORTHERN TIER ENERGY","CITADEL SECURITIES LLC"
NTLS,"NTELOS HOLDINGS","WOLVERINE TRADING, LLC"
NTP,"NAM TAI PROPERTY","MORGAN STANLEY & CO. LLC"
NTRI,"NUTRISYSTEM INC","WOLVERINE TRADING, LLC"
NTRS,"NORTHERN TRUST CORP","*** No LMM ***"
NUAN,"NUANCE COMMUNICATNS","SUSQUEHANNA SECURITIES"
NUE,"NUCOR CP","WOLVERINE TRADING, LLC"
NUGT,"DXN DLY GLDMNR NDX 3","SUSQUEHANNA SECURITIES"
NUS,"NU SKIN ENT INC","GOLDMAN, SACHS & CO."
NUVA,"NUVASIVE, INC.","*** No LMM ***"
NVAX,"NOVAVAX, INC.","MORGAN STANLEY & CO. LLC"
NVDA,"NVIDIA CORPORATION","TIMBER HILL LLC"
NVGS,"NAVIGATOR HOLDINGS","*** No LMM ***"
NVO,"NOVO NORDISK A S","CITADEL SECURITIES LLC"
NVS,"NOVARTIS AG ADS","CITADEL SECURITIES LLC"
NWBO,"NORTHWEST BIOTH CMN","MORGAN STANLEY & CO. LLC"
NWL,"NEWELL RUBBERMAID","*** No LMM ***"
NWPX,"NORTHWEST PIPE CO","*** No LMM ***"
NWSA,"NEWS CP CL A CMN ST","WOLVERINE TRADING, LLC"
NXPI,"NXP SEMICONDUCTORS","*** No LMM ***"
NXST,"NEXSTAR BROADCASTING","SUSQUEHANNA SECURITIES"
NXTM,"NXSTAGE MEDICAL, INC","*** No LMM ***"
NYCB,"NEW YORK CMMTY BNC","TIMBER HILL LLC"
NYMT,"NEW YORK MTGE TRUST","CITADEL SECURITIES LLC"
NYNY,"EMPIRE RESORTS INC","*** No LMM ***"
O,"REALTY INCOME CP","WOLVERINE TRADING, LLC"
OA,"Orbital ATK, Inc.","*** No LMM ***"
OAK,"OAKTREE CAPITAL","MORGAN STANLEY & CO. LLC"
OAS,"Oasis Petroleum Inc.","CITADEL SECURITIES LLC"
OC,"OWENS CORNING","*** No LMM ***"
OCN,"OCWEN FINL CORP","SUSQUEHANNA SECURITIES"
ODFL,"OLD DOMINION FREIG","*** No LMM ***"
ODP,"OFFICE DEPOT CMN","CITADEL SECURITIES LLC"
OFG,"OFG BANCORP","*** No LMM ***"
OFIX,"ORTHOFIX INTL NV","WOLVERINE TRADING, LLC"
OGXI,"ONCOGENEX PHARMA","MORGAN STANLEY & CO. LLC"
OHI,"OMEGA HEALTHCARE INV","CITADEL SECURITIES LLC"
OHRP,"OHR PHARMCEUTIAL CM","CITADEL SECURITIES LLC"
OI,"OWENS ILLINOIS","SUSQUEHANNA SECURITIES"
OIH,"MKT VECTORS OIL SVCS","*** No LMM ***"
OII,"OCEANEERING INTL INC","TIMBER HILL LLC"
OIS,"OIL STATES INTL INC","WOLVERINE TRADING, LLC"
OKE,"ONEOK INC        NEW","WOLVERINE TRADING, LLC"
OKS,"ONEOK PARTNERS LTD","*** No LMM ***"
OLED,"UNIVERSAL DISPLAY","MORGAN STANLEY & CO. LLC"
OLN,"OLIN CP","WOLVERINE TRADING, LLC"
OMC,"OMNICOM GP INC","WOLVERINE TRADING, LLC"
OMER,"Omeros Corporation","MORGAN STANLEY & CO. LLC"
OMF,"ONEMAIN HOLDINGS INC","*** No LMM ***"
ON,"ON SEMICONDUCTOR","WOLVERINE TRADING, LLC"
ONCE,"SPARK THERAP CMN","*** No LMM ***"
ONDK,"ON DECK CAPITAL, INC","*** No LMM ***"
ONTY,"ONCOTHYREON INC","MORGAN STANLEY & CO. LLC"
ONVO,"ORGANOVO HOLDINGS","MORGAN STANLEY & CO. LLC"
OPHT,"OPHTHOTECH CORP CMN","*** No LMM ***"
OPK,"OPKO HEALTH INC.","GOLDMAN, SACHS & CO."
ORCL,"ORACLE CORPORATION","SUSQUEHANNA SECURITIES"
OREX,"OREXIGEN THERAPEUTIC","SUSQUEHANNA SECURITIES"
ORIG,"OCEAN RIG UDW INC","CITADEL SECURITIES LLC"
ORLY,"O'REILLY AUTOMOTIVE","WOLVERINE TRADING, LLC"
OSIR,"OSIRIS THERAPEUTICS","MORGAN STANLEY & CO. LLC"
OSIS,"O S I SYSTEMS INC","WOLVERINE TRADING, LLC"
OSK,"OSHKOSH CP","CITADEL SECURITIES LLC"
OSTK,"OVERSTOCK.COM, INC.","WOLVERINE TRADING, LLC"
OSUR,"ORASURE TECH INC","*** No LMM ***"
OTEX,"OPEN TEXT CP","CITADEL SECURITIES LLC"
OUT,"OUTFRONT MEDIA INC.","CITADEL SECURITIES LLC"
OUTR,"Outerwall Inc.","GOLDMAN, SACHS & CO."
OVAS,"OVASCIENCE CMN STK","GOLDMAN, SACHS & CO."
OXY,"OCCIDENTAL PET","SUSQUEHANNA SECURITIES"
OZM,"OCH-ZIFF CAP MGMT","WOLVERINE TRADING, LLC"
P,"PANDORA MEDIA, INC.","GOLDMAN, SACHS & CO."
PAA,"PLAINS ALL AMER LP","MORGAN STANLEY & CO. LLC"
PAAS,"PAN AMER SILVER CORP","*** No LMM ***"
PACB,"PACIFIC BIOSCIENCES","*** No LMM ***"
PAGP,"PLAINS GP HLDHS LP","*** No LMM ***"
PAH,"PLATFORM SPECIALTY","*** No LMM ***"
PANW,"Palo Alto Networks","CITADEL SECURITIES LLC"
PAY,"VERIFONE SYSTEMS INC","WOLVERINE TRADING, LLC"
PAYX,"PAYCHEX, INC.","GOLDMAN, SACHS & CO."
PBCT,"PEOPLE'S UNITED FINL","*** No LMM ***"
PBF,"PBF ENERGY INC.","SUSQUEHANNA SECURITIES"
PBI,"PITNEY BOWES INC","CITADEL SECURITIES LLC"
PBPB,"POTBELLY CORP CMN","CITADEL SECURITIES LLC"
PBR,"PETROLEO BRASILEIRO","WOLVERINE TRADING, LLC"
PBYI,"PUMA BIOTECHNOLOGY","MORGAN STANLEY & CO. LLC"
PCAR,"PACCAR INC.","*** No LMM ***"
PCG,"PG&E CP","TIMBER HILL LLC"
PCLN,"THE PRICELINE GP CM","SUSQUEHANNA SECURITIES"
PCRX,"PACIRA PHARM INC","CITADEL SECURITIES LLC"
PDCE,"PDC ENERGY, INC.","*** No LMM ***"
PDCO,"PATTERSON COMPANIES","*** No LMM ***"
PDLI,"PDL BIOPHARMA INC","SUSQUEHANNA SECURITIES"
PDS,"PRECISION DRILL CORP","*** No LMM ***"
PE,"PARSLEY ENERGY CL A","MORGAN STANLEY & CO. LLC"
PEG,"PUB ENTRPR GP","WOLVERINE TRADING, LLC"
PEGI,"PATTERN ENERGY CL A","*** No LMM ***"
PEI,"PENN REAL ESTATE TR","*** No LMM ***"
PEIX,"PACIFIC ETHANOL INC","WOLVERINE TRADING, LLC"
PENN,"PENN NATL GAMING INC","*** No LMM ***"
PEP,"PEPSICO INC","WOLVERINE TRADING, LLC"
PER,"SANDRIDGE PERMIAN TR","*** No LMM ***"
PERI,"PERION NETWORK LTD.","MORGAN STANLEY & CO. LLC"
PERY,"PERRY ELLIS INT","*** No LMM ***"
PES,"PIONEER ENERGY SVCS","*** No LMM ***"
PF,"PINNACLE FOODS, INC.","SUSQUEHANNA SECURITIES"
PFE,"PFIZER INC","*** No LMM ***"
PFG,"PRINCIPAL FINL GROUP","*** No LMM ***"
PFPT,"PROOFPOINT, INC.","*** No LMM ***"
PG,"PROCTER   GAMBLE CO","CITADEL SECURITIES LLC"
PGH,"PENGROWTH ENRGY CP","WOLVERINE TRADING, LLC"
PGNX,"PROGENICS PHARMACEUT","MORGAN STANLEY & CO. LLC"
PGR,"PROGRESSIVE CP","*** No LMM ***"
PH,"PARKER HANNIFIN CP","WOLVERINE TRADING, LLC"
PHH,"PHH CORP","SUSQUEHANNA SECURITIES"
PHM,"PULTEGroup, INC.","TIMBER HILL LLC"
PII,"POLARIS INDUSTRIES","WOLVERINE TRADING, LLC"
PIR,"PIER ONE INC","SUSQUEHANNA SECURITIES"
PKG,"PACKAGING CP AMER","*** No LMM ***"
PKI,"PERKIN ELMER INC","SUSQUEHANNA SECURITIES"
PKX,"POSCO","*** No LMM ***"
PLCE,"CHILDREN'S PLACE INC","GOLDMAN, SACHS & CO."
PLCM,"POLYCOM INC","CITADEL SECURITIES LLC"
PLD,"PROLOGIS, INC","*** No LMM ***"
PLKI,"POPEYES LOUISIANA","*** No LMM ***"
PLUG,"PLUG POWER INC","WOLVERINE TRADING, LLC"
PM,"PHILIP MORRIS INTL","TIMBER HILL LLC"
PMT,"PENNYMAC MTG INVT TR","MORGAN STANLEY & CO. LLC"
PNC,"P N C FIN SVCS GR","WOLVERINE TRADING, LLC"
PNK,"PINNACLE ENTRMT CM","TIMBER HILL LLC"
PNR,"PENTAIR PLC.","*** No LMM ***"
PNRA,"PANERA BREAD A","MORGAN STANLEY & CO. LLC"
PODD,"INSULET CORPORATION","*** No LMM ***"
POM,"PEPCO HOLDINGS INC","SUSQUEHANNA SECURITIES"
POST,"Post Holdings Inc","*** No LMM ***"
POT,"POTASH CP SASKATCHEW","SUSQUEHANNA SECURITIES"
POWR,"POWERSECURE","CITADEL SECURITIES LLC"
PPC,"PILGRIM'S PRIDE CMN","SUSQUEHANNA SECURITIES"
PPG,"P P G IND","WOLVERINE TRADING, LLC"
PPHM,"PEREGRINE PHARMA NEW","MORGAN STANLEY & CO. LLC"
PPL,"PPL CORP","WOLVERINE TRADING, LLC"
PPP,"PRIMERO MINING CORP","CITADEL SECURITIES LLC"
PQ,"PETROQUEST ENERGY","WOLVERINE TRADING, LLC"
PRAA,"PRA GROUP INC CMN","MORGAN STANLEY & CO. LLC"
PRAN,"PRANA BIO LTD ADS S1","CITADEL SECURITIES LLC"
PRGO,"PERRIGO COMPANY PLC","*** No LMM ***"
PRKR,"PARKERVISION INC","WOLVERINE TRADING, LLC"
PRLB,"PROTO LABS, INC.","MORGAN STANLEY & CO. LLC"
PRTA,"PROTHENA CORP","SUSQUEHANNA SECURITIES"
PRU,"PRUDENTIAL FINCL INC","GOLDMAN, SACHS & CO."
PRXL,"PAREXEL INTL CP","CITADEL SECURITIES LLC"
PSA,"PUBLIC STG","CITADEL SECURITIES LLC"
PSDV,"PSIVIDA CORP COM","CITADEL SECURITIES LLC"
PSEC,"PROSPECT CAPITAL CP","WOLVERINE TRADING, LLC"
PSMT,"PRICESMART INC","*** No LMM ***"
PSTI,"PLURISTEM THERAPEUTC","CITADEL SECURITIES LLC"
PSX,"Phillips 66","WOLVERINE TRADING, LLC"
PSXP,"PHILLIPS 66 PARTNERS","*** No LMM ***"
PTC,"PTC Inc.","*** No LMM ***"
PTCT,"PTC THERAPEUTICS CMN","*** No LMM ***"
PTEN,"PATTERSON-UTI ENERGY","WOLVERINE TRADING, LLC"
PTR,"PETROCHINA CO ADS","CITADEL SECURITIES LLC"
PTX,"PERNIX THERAPTCS CMN","*** No LMM ***"
PVG,"PRETIUM RES INC","WOLVERINE TRADING, LLC"
PVH,"PVH Corp.","SUSQUEHANNA SECURITIES"
PWE,"PENN WEST PETROLEUM","WOLVERINE TRADING, LLC"
PWR,"QUANTA SERVICES INC","CITADEL SECURITIES LLC"
PX,"PRAXAIR INC","WOLVERINE TRADING, LLC"
PXD,"PIONEER NATURAL RES","MORGAN STANLEY & CO. LLC"
PXLW,"PIXELWORKS INC","CITADEL SECURITIES LLC"
PYPL,"PayPal Holdings","*** No LMM ***"
PZZA,"PAPA JOHN'S INTL","*** No LMM ***"
Q,"QUINTILES TTRANSNATI","*** No LMM ***"
QCOM,"QUALCOMM INC","WOLVERINE TRADING, LLC"
QEP,"QEP RESOURCES, INC","WOLVERINE TRADING, LLC"
QID,"PS UTLRSHRT QQQ","WOLVERINE TRADING, LLC"
QIHU,"QIHOO 360 TECH","MORGAN STANLEY & CO. LLC"
QIWI,"QIWI PLC ADR","CITADEL SECURITIES LLC"
QLD,"PROSHARES ULTRA QQQ","SUSQUEHANNA SECURITIES"
QLGC,"QLOGIC CP","*** No LMM ***"
QLIK,"QLIK TECHNOLOGIES IN","*** No LMM ***"
QLTI,"QLT INC,","*** No LMM ***"
QLYS,"QUALYS, INC.","*** No LMM ***"
QQQ,"POWERSHARES QQQ TR 1","WOLVERINE TRADING, LLC"
QRVO,"QORVO, INC. CMN","*** No LMM ***"
QSII,"QUALITY SYSTEMS, INC","WOLVERINE TRADING, LLC"
QSR,"RESTAURANT BRANDS","*** No LMM ***"
QTWW,"QUANTUM FUEL SYS","CITADEL SECURITIES LLC"
QUIK,"QUICKLOGIC CORP","MORGAN STANLEY & CO. LLC"
QUNR,"QUNAR CAYMAN ISL ADS","WOLVERINE TRADING, LLC"
QUOT,"QUOTIENT TECHNOLOGY","SUSQUEHANNA SECURITIES"
QVCA,"LIBERTY INT QVC SR A","WOLVERINE TRADING, LLC"
R,"RYDER SYSTEM INC","SUSQUEHANNA SECURITIES"
RACE,"Ferrari N.V.","*** No LMM ***"
RAD,"RITE AID CP","CITADEL SECURITIES LLC"
RAI,"REYNOLDS AMERICAN","CITADEL SECURITIES LLC"
RAS,"RAIT FINANCIAL TRUST","*** No LMM ***"
RAX,"RACKSPACE HOSTING","SUSQUEHANNA SECURITIES"
RBCN,"RUBICON TECHNOLOGY,","SUSQUEHANNA SECURITIES"
RBS,"ROYAL BANK ADS NEW","MORGAN STANLEY & CO. LLC"
RCI,"ROGERS COMMUN CL B","*** No LMM ***"
RCII,"RENT-A-CENTER INC","*** No LMM ***"
RCL,"ROYAL CARIBBEAN CR","GOLDMAN, SACHS & CO."
RDC,"ROWAN COS PLC","WOLVERINE TRADING, LLC"
RDEN,"ELIZABETH ARDEN","CITADEL SECURITIES LLC"
RDI,"READING INTL CL A","*** No LMM ***"
RDN,"RADIAN GROUP INC","WOLVERINE TRADING, LLC"
RDNT,"RADNET INC","WOLVERINE TRADING, LLC"
RDS.A,"RYL DTCH SHL CL A","GOLDMAN, SACHS & CO."
RDS.B,"ROYAL DUTCH SHELL","WOLVERINE TRADING, LLC"
RDUS,"RADIUS HEALTH CMN","*** No LMM ***"
RDWR,"RADWARE LTD.","WOLVERINE TRADING, LLC"
REGI,"RENEWABLE ENERGY","WOLVERINE TRADING, LLC"
REGN,"REGENERON PHARMACEUT","GOLDMAN, SACHS & CO."
REN,"RESOLUTE ENERGY CORP","WOLVERINE TRADING, LLC"
RENN,"RENREN INC ADS","WOLVERINE TRADING, LLC"
RESI,"ALTISOURCE RESIDENTI","*** No LMM ***"
REXX,"REX ENERGY CORPORATI","*** No LMM ***"
RF,"REGIONS FINANCIAL CP","TIMBER HILL LLC"
RFP,"RESOLUTE FOREST PDS","*** No LMM ***"
RGC,"REGAL ENTERTAINMENT","*** No LMM ***"
RGEN,"REPLIGEN CP","*** No LMM ***"
RGLD,"ROYAL GOLD, INC.","CITADEL SECURITIES LLC"
RGLS,"REGULUS THERAPEUTICS","*** No LMM ***"
RGR,"STURM RUGER AND CO","MORGAN STANLEY & CO. LLC"
RH,"RESTORATION HARDWARE","MORGAN STANLEY & CO. LLC"
RHI,"ROBERT HALF INTL INC","WOLVERINE TRADING, LLC"
RHT,"RED HAT INC","SUSQUEHANNA SECURITIES"
RICE,"RICE ENERGY INC.","CITADEL SECURITIES LLC"
RIG,"TRANSOCEAN LTD","MORGAN STANLEY & CO. LLC"
RIGL,"RIGEL PHARMACEUTICAL","*** No LMM ***"
RIO,"RIO TINTO PLC ADS","WOLVERINE TRADING, LLC"
RJF,"RAYMOND JAMES FIN CP","*** No LMM ***"
RKUS,"RUCKUS WIRELESS, INC","GOLDMAN, SACHS & CO."
RL,"RALPH LAUREN CP","WOLVERINE TRADING, LLC"
RLD,"REALD INC.","*** No LMM ***"
RLGY,"REALOGY HOLDINGS CP","TIMBER HILL LLC"
RLYP,"RELYPSA, INC.","*** No LMM ***"
RMBS,"RAMBUS INC.","*** No LMM ***"
RMD,"RESMED INC","TIMBER HILL LLC"
RMP,"RICE MIDSTREAM PRTNR","*** No LMM ***"
RMTI,"ROCKWELL MEDICAL, IN","CITADEL SECURITIES LLC"
RNF,"RENTECH NITROGEN PRT","WOLVERINE TRADING, LLC"
RNG,"RINGCENTRAL, INC.","SUSQUEHANNA SECURITIES"
ROK,"ROCKWELL AUTOMAT INC","MORGAN STANLEY & CO. LLC"
ROP,"ROPER TECHNOLOGIES","*** No LMM ***"
ROST,"ROSS STORES, INC.","SUSQUEHANNA SECURITIES"
ROVI,"ROVI CORP CMN","SUSQUEHANNA SECURITIES"
ROYT,"PACIFIC COAST OIL TR","*** No LMM ***"
RP,"REALPAGE, INC.","WOLVERINE TRADING, LLC"
RPRX,"REPROS THERAPEUTICS","CITADEL SECURITIES LLC"
RPTP,"RAPTOR PHARMACEUTICA","SUSQUEHANNA SECURITIES"
RRC,"RANGE RES CORP","SUSQUEHANNA SECURITIES"
RRD,"RR DONNELLEY SONS","WOLVERINE TRADING, LLC"
RRGB,"RED ROBIN GOURM","*** No LMM ***"
RS,"RELIANCE STL & ALMN","WOLVERINE TRADING, LLC"
RSG,"REPUBLIC SVCS INC","GOLDMAN, SACHS & CO."
RSPP,"RSP PERMIAN, INC.","*** No LMM ***"
RT,"RUBY TUESDAY INC","*** No LMM ***"
RTN,"RAYTHEON CO (NEW)","SUSQUEHANNA SECURITIES"
RTRX,"RETROPHIN, INC. CMN","CITADEL SECURITIES LLC"
RUBI,"RUBICON PROJECT, INC","*** No LMM ***"
RUSL,"DXN DLY RSSA BULL 3X","*** No LMM ***"
RUSS,"DXN DLY RSSA BEAR 3X","*** No LMM ***"
RVLT,"REVOLUTION LGT TC","WOLVERINE TRADING, LLC"
RWT,"REDWOOD TR INC","WOLVERINE TRADING, LLC"
RY,"ROYAL BANK OF CANADA","*** No LMM ***"
RYAM,"RAYONIER ADVANCED MT","*** No LMM ***"
RYN,"RAYONIER INC REIT","MORGAN STANLEY & CO. LLC"
S,"SPRINT CORP","WOLVERINE TRADING, LLC"
SA,"SEABRIDGE GOLD INC","TIMBER HILL LLC"
SABR,"SABRE CORPORATION CM","*** No LMM ***"
SAFM,"SANDERSON FARMS IN","CITADEL SECURITIES LLC"
SALE,"RETAILMENOT, INC.","SUSQUEHANNA SECURITIES"
SAM,"BOSTON BEER CO INC","SUSQUEHANNA SECURITIES"
SAND,"SANDSTORM GOLD LTD.","SUSQUEHANNA SECURITIES"
SANM,"SANMINA CORP","SUSQUEHANNA SECURITIES"
SANW,"S&W SEED COMPANY","*** No LMM ***"
SAP,"SAP SE ADS","WOLVERINE TRADING, LLC"
SAVE,"SPIRIT AIRLINES, INC","MORGAN STANLEY & CO. LLC"
SB,"SAFE BULKERS, INC","MORGAN STANLEY & CO. LLC"
SBAC,"SBA COMMUNICATIONS","SUSQUEHANNA SECURITIES"
SBGI,"SINCLAIR BRDCST A","*** No LMM ***"
SBGL,"SIBANYE GOLD LTD","WOLVERINE TRADING, LLC"
SBNY,"SIGNATURE BANK","*** No LMM ***"
SBUX,"STARBUCKS CORP","SUSQUEHANNA SECURITIES"
SC,"SANTANDER CONSUMER","CITADEL SECURITIES LLC"
SCCO,"SOUTHERN COPPER CORP","WOLVERINE TRADING, LLC"
SCHL,"SCHOLASTIC CP","*** No LMM ***"
SCHN,"SCHNITZER STEEL A","*** No LMM ***"
SCHW,"CHARLES SCHWAB INC","SUSQUEHANNA SECURITIES"
SCI,"SERVICE CP INTL","*** No LMM ***"
SCMP,"SUCAMPO PHARMA. INC.","*** No LMM ***"
SCO,"PROSH BB CRUDE OIL","WOLVERINE TRADING, LLC"
SCON,"SUPERCONDUCTOR TECH","WOLVERINE TRADING, LLC"
SCS,"STEELCASE INC","*** No LMM ***"
SCSS,"SELECT COMFORT CP","WOLVERINE TRADING, LLC"
SCTY,"SOLARCITY CORPORATIO","SUSQUEHANNA SECURITIES"
SDLP,"SEADRILL PARTNERS","MORGAN STANLEY & CO. LLC"
SDR,"SANDRIDGE MSPIAN TRT","CITADEL SECURITIES LLC"
SDRL,"SEADRILL LTD","MORGAN STANLEY & CO. LLC"
SDS,"PT ULTRSHRT SP500 PS","WOLVERINE TRADING, LLC"
SDT,"SANDRIDGE MISSISSIPP","*** No LMM ***"
SE,"SPECTRA ENERGY","GOLDMAN, SACHS & CO."
SEAS,"SEAWORLD ENTERTAINME","CITADEL SECURITIES LLC"
SEDG,"SOLAREDGE TECH CMN","*** No LMM ***"
SEE,"SEALED AIR CP NEW","CITADEL SECURITIES LLC"
SEED,"ORIGIN AGRITECH LIMI","CITADEL SECURITIES LLC"
SEMG,"SEMGROUP CORP","*** No LMM ***"
SEP,"SPECTRA ENERGY UTS","*** No LMM ***"
SFL,"SHIP FINANCE INTL","WOLVERINE TRADING, LLC"
SFLY,"SHUTTERFLY, INC.","SUSQUEHANNA SECURITIES"
SFM,"SPROUTS FARMERS MARK","MORGAN STANLEY & CO. LLC"
SFUN,"SouFun Holdings Ltd","MORGAN STANLEY & CO. LLC"
SGEN,"SEATTLE GENETICS INC","MORGAN STANLEY & CO. LLC"
SGI,"SILICON GRAPHIC INTL","*** No LMM ***"
SGMO,"SANGAMO BIOSCIENCES","MORGAN STANLEY & CO. LLC"
SGMS,"SCIENTIFIC GAMES","WOLVERINE TRADING, LLC"
SGY,"STONE ENERGY CP","WOLVERINE TRADING, LLC"
SGYP,"SYNERGY PHARMA CMN","MORGAN STANLEY & CO. LLC"
SH,"SHRT S&P500 PROSHRS","SUSQUEHANNA SECURITIES"
SHAK,"SHAKE SHACK, INC.","*** No LMM ***"
SHLD,"SEARS HLDGS CORP","WOLVERINE TRADING, LLC"
SHLM,"SCHULMAN A INC","WOLVERINE TRADING, LLC"
SHLX,"SHELL MIDSTREAM PRTN","*** No LMM ***"
SHOO,"STEVEN MADDENS LTD","CITADEL SECURITIES LLC"
SHPG,"SHIRE PLC ADS","*** No LMM ***"
SHW,"SHERWIN WILLIAMS CO","SUSQUEHANNA SECURITIES"
SID,"COMPANHIA SIDER ADS","CITADEL SECURITIES LLC"
SIG,"SIGNET JEWELERS LTD","CITADEL SECURITIES LLC"
SIGM,"SIGMA DESIGNS INC","*** No LMM ***"
SIMO,"SILICON MOTION TECHN","MORGAN STANLEY & CO. LLC"
SINA,"SINA CORPORATION","WOLVERINE TRADING, LLC"
SIRI,"SIRIUS XM HOLDINGS I","GOLDMAN, SACHS & CO."
SIX,"SIX FLAGS ENTMNT CP","WOLVERINE TRADING, LLC"
SJM,"SMUCKERS J M NEW","SUSQUEHANNA SECURITIES"
SKF,"ULTRASHORT FINANCIAL","GOLDMAN, SACHS & CO."
SKUL,"SkullCandy, Inc.","*** No LMM ***"
SKX,"SKECHERS USA INC","SUSQUEHANNA SECURITIES"
SLAB,"SILICON LABS INC","*** No LMM ***"
SLB,"SCHLUMBERGER LTD","SUSQUEHANNA SECURITIES"
SLCA,"U.S. SILICA HLDGS","MORGAN STANLEY & CO. LLC"
SLG,"SL GREEN REALTY CP","*** No LMM ***"
SLM,"SLM CORPORATION","GOLDMAN, SACHS & CO."
SLV,"ISHARES SILVER TRUST","WOLVERINE TRADING, LLC"
SLW,"SILVER WHEATON CORP","WOLVERINE TRADING, LLC"
SM,"SM Energy Company","TIMBER HILL LLC"
SMCI,"SUPER MICRO COMPUTER","CITADEL SECURITIES LLC"
SMFG,"SUMITOMO MITSUI FIN","CITADEL SECURITIES LLC"
SMG,"SCOTTS MIRACLE-GR CO","WOLVERINE TRADING, LLC"
SMH,"MKT VECTORS SEMIS","TIMBER HILL LLC"
SMLP,"SUMMIT MIDSTREAM PRT","*** No LMM ***"
SN,"SANCHEZ ENERGY CORP","SUSQUEHANNA SECURITIES"
SNA,"SNAP ON INC","*** No LMM ***"
SNCR,"SYNCHRONOSS TECHNOLO","*** No LMM ***"
SNDK,"SANDISK CORPORATION","SUSQUEHANNA SECURITIES"
SNE,"SONY CP ADR","WOLVERINE TRADING, LLC"
SNI,"SCRIPPS NTWRKS INT A","*** No LMM ***"
SNMX,"SENOMYX, INC.","*** No LMM ***"
SNN,"SMITH&NEPHEW PLC NEW","SUSQUEHANNA SECURITIES"
SNSS,"SUNESIS PHARMACEUTIC","MORGAN STANLEY & CO. LLC"
SNTA,"SYNTA PHARMACEUTICAL","MORGAN STANLEY & CO. LLC"
SNV,"SYNOVUS FINL CP","CITADEL SECURITIES LLC"
SNX,"SYNNEX CORP","*** No LMM ***"
SNY,"SANOFI ADR","MORGAN STANLEY & CO. LLC"
SO,"SOUTHERN CO","SUSQUEHANNA SECURITIES"
SODA,"SODASTREAM INT LTD","MORGAN STANLEY & CO. LLC"
SOHU,"SOHU.COM INC","SUSQUEHANNA SECURITIES"
SOL,"RENESOLA LTD","WOLVERINE TRADING, LLC"
SONC,"SONIC CP","CITADEL SECURITIES LLC"
SONS,"SONUS NETWORKS INC","GOLDMAN, SACHS & CO."
SPG,"SIMON PPTY GRP INC","MORGAN STANLEY & CO. LLC"
SPLK,"SPLUNK INC.","SUSQUEHANNA SECURITIES"
SPLS,"STAPLES, INC.","TIMBER HILL LLC"
SPN,"SUPERIOR ENERGY SV","WOLVERINE TRADING, LLC"
SPNC,"SPECTRANETICS CP T","*** No LMM ***"
SPPI,"SPECTRUM PHARMA INC","MORGAN STANLEY & CO. LLC"
SPR,"SPIRIT AEROSYSTEMS H","WOLVERINE TRADING, LLC"
SPWR,"SUNPOWER CORPORATION","WOLVERINE TRADING, LLC"
SPXC,"SPX CORPORATION","WOLVERINE TRADING, LLC"
SPXL,"DIREXION S&P BULL 3X","SUSQUEHANNA SECURITIES"
SPXS,"DIREXION S&P500 BEAR","TIMBER HILL LLC"
SPXU,"PROSHARES","SUSQUEHANNA SECURITIES"
SPY,"SPDR S&P 500 ETF TRS","MORGAN STANLEY & CO. LLC"
SQ,"SQUARE, INC.","*** No LMM ***"
SQM,"SOCIEDAD DE CHILE SC","WOLVERINE TRADING, LLC"
SQNM,"SEQUENOM INC","GOLDMAN, SACHS & CO."
SQQQ,"PROSHRES ULTRPR SH Q","MORGAN STANLEY & CO. LLC"
SRE,"SEMPRA ENERGY","MORGAN STANLEY & CO. LLC"
SRNE,"SORRENTO THERPT CMN","*** No LMM ***"
SRPT,"SAREPTA THERAPEUTICS","CITADEL SECURITIES LLC"
SRS,"ULTRASHORT REAL ESTA","GOLDMAN, SACHS & CO."
SSE,"SEVENTY SEVEN ENERGY","*** No LMM ***"
SSH,"SUNSHINE HEART INC","*** No LMM ***"
SSNI,"SILVER SPRING NETWRK","CITADEL SECURITIES LLC"
SSO,"ULTRA S&P500 PROSHRS","SUSQUEHANNA SECURITIES"
SSRI,"SILVER STAND RES","*** No LMM ***"
SSTK,"SHUTTERSTOCK, INC.","*** No LMM ***"
SSW,"SEASPAN CORPORATION","CITADEL SECURITIES LLC"
SSYS,"STRATASYS, LTD.","MORGAN STANLEY & CO. LLC"
ST,"SENSATA TECH HOLDING","*** No LMM ***"
STAA,"STAAR SURGICAL CO","WOLVERINE TRADING, LLC"
STAR,"ISTAR INC.","WOLVERINE TRADING, LLC"
STAY,"EXTENDED STAY AMERCA","*** No LMM ***"
STI,"SUNTRUST BANKS","*** No LMM ***"
STJ,"ST. JUDE MEDICAL","GOLDMAN, SACHS & CO."
STKL,"SUNOPTA INC","*** No LMM ***"
STLD,"STEEL DYNAMICS INC","GOLDMAN, SACHS & CO."
STML,"STEMLINE THERAPEUTIC","*** No LMM ***"
STMP,"STAMPS.COM INC","*** No LMM ***"
STNG,"SCORPIO TANKERS INC.","*** No LMM ***"
STO,"STATOIL ASA","WOLVERINE TRADING, LLC"
STON,"STONEMOR LP UT","*** No LMM ***"
STR,"QUESTAR CP","CITADEL SECURITIES LLC"
STRP,"STRAIGHT PATH COMM","*** No LMM ***"
STRZA,"STARZ SERIES A","*** No LMM ***"
STT,"STATE STREET CP","SUSQUEHANNA SECURITIES"
STV,"CHINA DIG TV HDG ADS","*** No LMM ***"
STWD,"STARWOOD PROPERTY TR","*** No LMM ***"
STX,"SEAGATE TECH ORD SHS","WOLVERINE TRADING, LLC"
STZ,"CONSTELLATION BRD A","SUSQUEHANNA SECURITIES"
SU,"SUNCOR ENERGY INC","WOLVERINE TRADING, LLC"
SUN,"Sunoco LP","*** No LMM ***"
SUNE,"SunEdison, Inc.","MORGAN STANLEY & CO. LLC"
SUPN,"SUPERNUS PHARM","CITADEL SECURITIES LLC"
SVU,"SUPERVALU INC","WOLVERINE TRADING, LLC"
SVXY,"PROSHARES SHT VIX ST","SUSQUEHANNA SECURITIES"
SWC,"STILLWATER MNG CO","SUSQUEHANNA SECURITIES"
SWFT,"SWIFT TRANSPORTATION","TIMBER HILL LLC"
SWHC,"SMITH & WESSON","MORGAN STANLEY & CO. LLC"
SWIR,"SIERRA WIRELESS IN","MORGAN STANLEY & CO. LLC"
SWK,"STANLEY BLACK & DCKR","TIMBER HILL LLC"
SWKS,"SKYWORKS SOLUTIONS","CITADEL SECURITIES LLC"
SWN,"SOUTHWESTERN ENERGY","WOLVERINE TRADING, LLC"
SXC,"SUNCOKE ENERGY, INC","*** No LMM ***"
SXE,"SOUTHCROSS ENERGY LP","*** No LMM ***"
SXL,"SUNOCO LOG PTNRS LP","*** No LMM ***"
SYF,"Synchrony Financial","*** No LMM ***"
SYK,"STRYKER CP","MORGAN STANLEY & CO. LLC"
SYMC,"SYMANTEC CORPORATION","WOLVERINE TRADING, LLC"
SYNA,"SYNAPTICS INC","MORGAN STANLEY & CO. LLC"
SYRG,"SYNERGY RESOURCES CP","*** No LMM ***"
SYY,"SYSCO CP","CITADEL SECURITIES LLC"
SZMK,"SIZMEK INC COMMON ST","CITADEL SECURITIES LLC"
SZYM,"Solazyme, Inc.","CITADEL SECURITIES LLC"
T,"AT&T INC.","*** No LMM ***"
TA,"TRAVELCENTERS OF AME","*** No LMM ***"
TAHO,"TAHOE RES INC","*** No LMM ***"
TAL,"TAL INTERNATIONL GRP","WOLVERINE TRADING, LLC"
TAP,"MOLSON COORS CO CL B","SUSQUEHANNA SECURITIES"
TASR,"TASER INTL INC","MORGAN STANLEY & CO. LLC"
TAXI,"MEDALLION FIN CP","CITADEL SECURITIES LLC"
TBT,"PROSHARES TRUST","SUSQUEHANNA SECURITIES"
TCBI,"TEXAS CAPITAL BNCSH","*** No LMM ***"
TCK,"TECK RESOURCES CL B","TIMBER HILL LLC"
TCS,"CONTAINER STORE THE","WOLVERINE TRADING, LLC"
TCX,"TUCOWS INC CL A CMN","*** No LMM ***"
TD,"TORONTO DOMINION","*** No LMM ***"
TDC,"TERADATA CORP","TIMBER HILL LLC"
TDG,"TRANSDIGM GRP INC","*** No LMM ***"
TDW,"TIDEWATER INC","*** No LMM ***"
TE,"TECO ENERGY INC","*** No LMM ***"
TECD,"TECH DATA CP","*** No LMM ***"
TEL,"TE CONNECTIVITY LTD","*** No LMM ***"
TEN,"TENNECO INC","*** No LMM ***"
TEP,"TALLGRASS ENERGY","*** No LMM ***"
TER,"TERADYNE INC","WOLVERINE TRADING, LLC"
TERP,"TERRAFORM PWR CLA CM","CITADEL SECURITIES LLC"
TEVA,"TEVA PHARM INDS LTD","CITADEL SECURITIES LLC"
TEX,"TEREX CP","MORGAN STANLEY & CO. LLC"
TFM,"THE FRESH MARKET INC","WOLVERINE TRADING, LLC"
TFSL,"TFS FINANCIAL CORP.","*** No LMM ***"
TGA,"TRANSGLOBE ENERGY CP","*** No LMM ***"
TGB,"TASEKO MINES LTD","WOLVERINE TRADING, LLC"
TGNA,"TEGNA Inc.","CITADEL SECURITIES LLC"
TGP,"TEEKAY LNG PTRS LP","*** No LMM ***"
TGT,"TARGET CP","WOLVERINE TRADING, LLC"
TGTX,"TG THERAPEUTICSCMN","*** No LMM ***"
THC,"TENET HLTHCRE CP","CITADEL SECURITIES LLC"
THLD,"THRESHOLD PHARMACTL","*** No LMM ***"
THO,"THOR INDS INC","*** No LMM ***"
THRM,"GENTHERM INC CMN","CITADEL SECURITIES LLC"
TIF,"TIFFANY AND CO","SUSQUEHANNA SECURITIES"
TIME,"Time Inc.","GOLDMAN, SACHS & CO."
TITN,"TITAN MACHINERY INC.","WOLVERINE TRADING, LLC"
TIVO,"TIVO INC","WOLVERINE TRADING, LLC"
TJX,"T J X COS INC","SUSQUEHANNA SECURITIES"
TK,"TEEKAY CORP","SUSQUEHANNA SECURITIES"
TKR,"TIMKEN CO","CITADEL SECURITIES LLC"
TLGT,"TELIGENT CMN STK","*** No LMM ***"
TLLP,"TESORO LOGISTICS LP","*** No LMM ***"
TLRD,"TAILORED BRANDS, INC","SUSQUEHANNA SECURITIES"
TLT,"ISHARES  20","MORGAN STANLEY & CO. LLC"
TM,"TOYOTA MTR CP ADS","SUSQUEHANNA SECURITIES"
TMH,"TEAM HEALTH HOLDINGS","*** No LMM ***"
TMO,"THERMO FISHER SCIENT","GOLDMAN, SACHS & CO."
TMUS,"T-MOBILE US CMN","WOLVERINE TRADING, LLC"
TMV,"DIREXION DAILY 20-YE","SUSQUEHANNA SECURITIES"
TNA,"SMALL CAP BULL 3X","SUSQUEHANNA SECURITIES"
TNET,"TRINET GROUP, INC.","*** No LMM ***"
TNK,"TEEKAY TANKERS CL A","*** No LMM ***"
TNP,"TSAKOS ENERGY NAVIG","*** No LMM ***"
TNXP,"TONIX PHARM HLDG CMN","SUSQUEHANNA SECURITIES"
TOL,"TOLL BROTHERS INC","CITADEL SECURITIES LLC"
TOT,"TOTAL S.A.","*** No LMM ***"
TPH,"TRI POINTE GROUP, IN","CITADEL SECURITIES LLC"
TPLM,"TRIANGLE PETROLEUM","MORGAN STANLEY & CO. LLC"
TPX,"TEMPUR SEALY INTL","*** No LMM ***"
TQQQ,"PROSHRES ULTRPRO QQQ","SUSQUEHANNA SECURITIES"
TREX,"TREX CO INC","*** No LMM ***"
TRGP,"TARGA RESOURCES INC","MORGAN STANLEY & CO. LLC"
TRIP,"TRIPADVISOR, INC.","MORGAN STANLEY & CO. LLC"
TRMB,"TRIMBLE NAVIGATION","WOLVERINE TRADING, LLC"
TRN,"TRINITY IND","MORGAN STANLEY & CO. LLC"
TROV,"Trovagene Inc","*** No LMM ***"
TROW,"T ROWE PRICE GROUP","WOLVERINE TRADING, LLC"
TROX,"TRONOX LTD","TIMBER HILL LLC"
TRP,"TRANSCANADA CORP","CITADEL SECURITIES LLC"
TRQ,"TURQUOISE HILL RES","CITADEL SECURITIES LLC"
TRUE,"TRUECAR INC CMN","*** No LMM ***"
TRV,"THE TRAVELERS CO","WOLVERINE TRADING, LLC"
TS,"TENARIS S.A ADS","WOLVERINE TRADING, LLC"
TSCO,"TRACTOR SUPPLY CO","WOLVERINE TRADING, LLC"
TSEM,"TOWER SEMICONDUCTOR","*** No LMM ***"
TSL,"TRINA SOLAR LTD ADR","*** No LMM ***"
TSLA,"TESLA MOTORS INC","CITADEL SECURITIES LLC"
TSM,"TAIWAN SEMICOND ADS","*** No LMM ***"
TSN,"TYSON FOODS INC CL A","SUSQUEHANNA SECURITIES"
TSO,"TESORO CORP","CITADEL SECURITIES LLC"
TSRA,"TESSERA TECHNOLOGIES","SUSQUEHANNA SECURITIES"
TSRO,"TESARO, INC.","MORGAN STANLEY & CO. LLC"
TTM,"TATA MOTORS INC","WOLVERINE TRADING, LLC"
TTPH,"TETRAPHASE PHARMACEU","*** No LMM ***"
TTS,"TILE SHOP HLDGS CMN","WOLVERINE TRADING, LLC"
TTWO,"TAKE-TWO INTERACTI","CITADEL SECURITIES LLC"
TUES,"TUESDAY MORNING CO","CITADEL SECURITIES LLC"
TUMI,"TUMI HOLDINGS, INC.","*** No LMM ***"
TUP,"TUPPERWARE BRANDS CP","MORGAN STANLEY & CO. LLC"
TV,"TELVISA S.A.","CITADEL SECURITIES LLC"
TVPT,"TRAVELPORT WORLDWIDE","CITADEL SECURITIES LLC"
TWC,"TIME WARNER CABLE","GOLDMAN, SACHS & CO."
TWI,"TITAN INTL INC","WOLVERINE TRADING, LLC"
TWO,"TWO HARBORS INVT CP","WOLVERINE TRADING, LLC"
TWTR,"TWITTER, INC.","WOLVERINE TRADING, LLC"
TWX,"TIME WARNER INC NEW","MORGAN STANLEY & CO. LLC"
TXMD,"THERAPEUTICSMD INC","*** No LMM ***"
TXN,"TEXAS INSTRUMENTS","WOLVERINE TRADING, LLC"
TXRH,"TEXAS ROADHOUSE, INC","*** No LMM ***"
TXT,"TEXTRON INC","GOLDMAN, SACHS & CO."
TXTR,"TEXTURA CORPORATION","SUSQUEHANNA SECURITIES"
TYC,"TYCO INTL  PLC","*** No LMM ***"
TZA,"SMALL CAP BEAR 3X","MORGAN STANLEY & CO. LLC"
UA,"UNDER ARMOUR INC","MORGAN STANLEY & CO. LLC"
UAL,"UNITED CONTINENTAL H","TIMBER HILL LLC"
UAN,"CVR PARTNERS, LP","WOLVERINE TRADING, LLC"
UBNT,"UBIQUITI NETWORKS, I","MORGAN STANLEY & CO. LLC"
UCO,"PROSH ULTRA BB CRD","CITADEL SECURITIES LLC"
UEC,"URANIUM ENERGY CORP","WOLVERINE TRADING, LLC"
UEPS,"NET 1 UEPS TECHS INC","*** No LMM ***"
UFS,"DOMTAR CORP NEW","*** No LMM ***"
UGI,"U G I CP","WOLVERINE TRADING, LLC"
UHS,"UNIVERSAL HLTH SVC B","*** No LMM ***"
UIHC,"UNITED INSURANCE HLD","*** No LMM ***"
UIS,"UNISYS CP NEW","TIMBER HILL LLC"
UL,"UNILEVER PLC AMER","*** No LMM ***"
ULTA,"ULTA SALON, COSMETIC","WOLVERINE TRADING, LLC"
ULTI,"ULTIMATE SOFTWARE","*** No LMM ***"
UN,"UNILEVER N V N Y","*** No LMM ***"
UNFI,"UNITED NAT FOODS I","*** No LMM ***"
UNG,"US NAT GAS FD ETF","SUSQUEHANNA SECURITIES"
UNH,"UNITEDHEALTH GROUP","WOLVERINE TRADING, LLC"
UNIS,"Unilife Corporation","WOLVERINE TRADING, LLC"
UNM,"UNUM GROUP","*** No LMM ***"
UNP,"UNION PACIFIC","SUSQUEHANNA SECURITIES"
UNT,"UNIT CP","*** No LMM ***"
UNXL,"UNI-PIXEL INC","CITADEL SECURITIES LLC"
UPL,"ULTRA PETROLEUM CORP","*** No LMM ***"
UPRO,"PROSHARES","SUSQUEHANNA SECURITIES"
UPS,"UNITED PARCEL SVC","WOLVERINE TRADING, LLC"
URBN,"URBAN OUTFITTERS INC","GOLDMAN, SACHS & CO."
URE,"ULTRA REAL ESTATE PR","SUSQUEHANNA SECURITIES"
URI,"UNITED RENTALS INC","WOLVERINE TRADING, LLC"
USAC,"USA COMPRESSION PRTN","*** No LMM ***"
USB,"US BANCORP","WOLVERINE TRADING, LLC"
USG,"U S G CP","WOLVERINE TRADING, LLC"
USO,"U.S. OIL FUND  ETF","TIMBER HILL LLC"
UTEK,"ULTRATECH INC","WOLVERINE TRADING, LLC"
UTHR,"UNITED THERAPEUTIC","MORGAN STANLEY & CO. LLC"
UTX,"UNITED TECH","SUSQUEHANNA SECURITIES"
UUP,"PS DB USD IDX BL FD","WOLVERINE TRADING, LLC"
UVE,"UNIVERSAL INSUR HLDG","*** No LMM ***"
UVXY,"PROSHARES OUT VIX ST","GOLDMAN, SACHS & CO."
UYG,"ULTRA FINANCIALS PRO","GOLDMAN, SACHS & CO."
V,"VISA INC.","MORGAN STANLEY & CO. LLC"
VA,"VIRGIN AMERICA CS","*** No LMM ***"
VAL,"VALSPAR CORP","WOLVERINE TRADING, LLC"
VALE,"VALE S.A. ADS","GOLDMAN, SACHS & CO."
VAR,"VARIAN MED SYS INC","WOLVERINE TRADING, LLC"
VC,"VISTEON CORP","SUSQUEHANNA SECURITIES"
VCRA,"VOCERA COMMS, INC.","MORGAN STANLEY & CO. LLC"
VDSI,"VASCO DATA SECURITY","*** No LMM ***"
VECO,"VEECO INSTRUMENT","WOLVERINE TRADING, LLC"
VEEV,"VEEVA SYSTEMS INC.","SUSQUEHANNA SECURITIES"
VER,"VEREIT, INC. CMN","SUSQUEHANNA SECURITIES"
VFC,"V F CP","WOLVERINE TRADING, LLC"
VHC,"VIRNETX HOLDING CORP","MORGAN STANLEY & CO. LLC"
VIAB,"VIACOM INC CL B","CITADEL SECURITIES LLC"
VIAV,"VIAVI SOLUTIONS CMN","CITADEL SECURITIES LLC"
VICL,"VICAL INCORPORATED","CITADEL SECURITIES LLC"
VIP,"VIMPELCOM LTD ADS","SUSQUEHANNA SECURITIES"
VIPS,"VIPSHOP HOLDINGS LTD","MORGAN STANLEY & CO. LLC"
VIXY,"PROSHARES VIX SHORT-","SUSQUEHANNA SECURITIES"
VJET,"VOXELJET AG","GOLDMAN, SACHS & CO."
VLO,"VALERO ENERGY CP","SUSQUEHANNA SECURITIES"
VMC,"VULCAN MATERIALS HC","*** No LMM ***"
VMW,"VMWARE, INC.","WOLVERINE TRADING, LLC"
VNCE,"VINCE HOLDING CORP.","*** No LMM ***"
VNDA,"VANDA PHARMACEUTICAL","GOLDMAN, SACHS & CO."
VNET,"21VIANET GROUP, INC.","WOLVERINE TRADING, LLC"
VNO,"VORNADO REALTY TRUST","WOLVERINE TRADING, LLC"
VNR,"VANGUARD NATURAL RES","WOLVERINE TRADING, LLC"
VOD,"VODAFONE GRP PLC ADS","TIMBER HILL LLC"
VOYA,"VOYA FINL, INC.","SUSQUEHANNA SECURITIES"
VRA,"VERA BRADLEY","SUSQUEHANNA SECURITIES"
VRNG,"VRINGO, INC. CMN","MORGAN STANLEY & CO. LLC"
VRSK,"VERISK ANALYTICS INC","CITADEL SECURITIES LLC"
VRSN,"VERISIGN, INC.","WOLVERINE TRADING, LLC"
VRTX,"VERTEX PHARMACEUTIC","MORGAN STANLEY & CO. LLC"
VRX,"VALEANT PHARM INT'L","SUSQUEHANNA SECURITIES"
VSAT,"VIASAT INC","*** No LMM ***"
VSI,"VITAMIN SHOPPE, INC","WOLVERINE TRADING, LLC"
VSLR,"VIVINT SOLAR, INC.","*** No LMM ***"
VTL,"VITAL THERAPIES, INC","*** No LMM ***"
VTR,"VENTAS INC","WOLVERINE TRADING, LLC"
VVUS,"VIVUS, INC.","GOLDMAN, SACHS & CO."
VWO,"VANGRD FTSE EMRG","WOLVERINE TRADING, LLC"
VXX,"IPATH S&P 500 VIX SH","SUSQUEHANNA SECURITIES"
VZ,"VERIZON COMMUN","CITADEL SECURITIES LLC"
W,"Wayfair Inc.","*** No LMM ***"
WAB,"WESTINGHOUSE AIR BRA","*** No LMM ***"
WAC,"WALTER INVESTMENT MG","WOLVERINE TRADING, LLC"
WAT,"WATERS CP","WOLVERINE TRADING, LLC"
WB,"WEIBO CORP. ADS","MORGAN STANLEY & CO. LLC"
WBA,"WALGREENS BTS ALN CM","SUSQUEHANNA SECURITIES"
WBAI,"500.COM LTD.","*** No LMM ***"
WBMD,"WEBMD HEALTH CORP","SUSQUEHANNA SECURITIES"
WCC,"WESCO INTL INC","*** No LMM ***"
WCG,"WELLCARE HEALTHPLANS","WOLVERINE TRADING, LLC"
WCN,"WASTE CONNECTIONS","*** No LMM ***"
WDAY,"WORKDAY, INC.","MORGAN STANLEY & CO. LLC"
WDC,"WESTERN DIGITAL CP","SUSQUEHANNA SECURITIES"
WEB,"WEB.COM GROUP, INC.","CITADEL SECURITIES LLC"
WEC,"WEC ENERGY GP, INC.","CITADEL SECURITIES LLC"
WEN,"WENDYS COMPANY (THE)","WOLVERINE TRADING, LLC"
WES,"WESTERN GAS PARTNERS","*** No LMM ***"
WETF,"WISDOMTREE INVSTMNTS","MORGAN STANLEY & CO. LLC"
WFC,"WELLS FARGO & CO NEW","CITADEL SECURITIES LLC"
WFM,"WHOLE FOODS MARKET","SUSQUEHANNA SECURITIES"
WFT,"WEATHERFORD INTL PLC","WOLVERINE TRADING, LLC"
WGO,"WINNEBAGO IND INC","*** No LMM ***"
WHR,"WHIRLPOOL CP","GOLDMAN, SACHS & CO."
WIN,"WINDSTREAM HLDGS INC","WOLVERINE TRADING, LLC"
WING,"WINGSTOP INC. CMN","*** No LMM ***"
WIX,"WIX.COM LTD.","*** No LMM ***"
WLB,"WESTMORELAND COAL","CITADEL SECURITIES LLC"
WLK,"WESTLAKE CHEMICAL CO","SUSQUEHANNA SECURITIES"
WLL,"WHITING PETE CORP","WOLVERINE TRADING, LLC"
WM,"WASTE MGMT INC","TIMBER HILL LLC"
WMB,"WILLIAMS COS","WOLVERINE TRADING, LLC"
WMC,"WESTERN ASSET MTG","CITADEL SECURITIES LLC"
WMT,"WAL MART STORES","CITADEL SECURITIES LLC"
WNC,"WABASH NATL CP","*** No LMM ***"
WNR,"WESTERN REFINING INC","WOLVERINE TRADING, LLC"
WPC,"W.P. CAREY INC.","*** No LMM ***"
WPG,"WP GLIMCHER INC.","SUSQUEHANNA SECURITIES"
WPRT,"WESTPORT INNOVATIONS","WOLVERINE TRADING, LLC"
WPX,"WPX ENERGY, INC.","WOLVERINE TRADING, LLC"
WRK,"WESTROCK CO","*** No LMM ***"
WSM,"WILLIAMS SONOMA INC","*** No LMM ***"
WTI,"W&T OFFSHORE, INC.","WOLVERINE TRADING, LLC"
WTW,"WEIGHT WATCHERS INTL","WOLVERINE TRADING, LLC"
WU,"WESTERN UNION COMPAN","WOLVERINE TRADING, LLC"
WUBA,"58.COM INC","SUSQUEHANNA SECURITIES"
WWAV,"WHITEWAVE FOODS CO","MORGAN STANLEY & CO. LLC"
WWE,"WORLD WRESTLING ENT","TIMBER HILL LLC"
WY,"WEYERHAEUSER CO","*** No LMM ***"
WYN,"WYNDHAM WORLDWIDE","*** No LMM ***"
WYNN,"WYNN RESORTS LIMITED","CITADEL SECURITIES LLC"
X,"UNITED STATES STEEL","WOLVERINE TRADING, LLC"
XBI,"SPDR S&P Biotech ETF","*** No LMM ***"
XCO,"EXCO RESOURCES INC","WOLVERINE TRADING, LLC"
XEC,"CIMAREX ENERGY CO","MORGAN STANLEY & CO. LLC"
XHB,"SPDR HOMEBUILDERS ET","WOLVERINE TRADING, LLC"
XIN,"XINYUAN RE CO ADS","SUSQUEHANNA SECURITIES"
XL,"XL Group plc","SUSQUEHANNA SECURITIES"
XLB,"MATERIALS SS SPDR FD","TIMBER HILL LLC"
XLE,"ENERGY SELECT SPDR","WOLVERINE TRADING, LLC"
XLF,"FINANCIAL SEL SPDR","WOLVERINE TRADING, LLC"
XLI,"INDUSTRIAL SPDR","WOLVERINE TRADING, LLC"
XLK,"TECHNOLOGY SPDR","WOLVERINE TRADING, LLC"
XLNX,"XILINX, INC.","WOLVERINE TRADING, LLC"
XLP,"CONSUMER STAP SPDR","WOLVERINE TRADING, LLC"
XLRN,"ACCELERON PHARMA CMN","*** No LMM ***"
XLU,"UTILITIES SEL SPDR","SUSQUEHANNA SECURITIES"
XLV,"HEALTHCARE SS SPDR F","CITADEL SECURITIES LLC"
XLY,"CONSUMER DIS SS SPDR","SUSQUEHANNA SECURITIES"
XME,"SPDR S&P METALS & MI","SUSQUEHANNA SECURITIES"
XNET,"XUNLEI LIMITED ADR","*** No LMM ***"
XNPT,"XENOPORT","*** No LMM ***"
XOM,"EXXON MOBIL CP","TIMBER HILL LLC"
XOMA,"XOMA Corporation","MORGAN STANLEY & CO. LLC"
XON,"INTREXON CORP","MORGAN STANLEY & CO. LLC"
XONE,"THE EXONE COMPANY","SUSQUEHANNA SECURITIES"
XOP,"ST SPDR O&G E&P ETF","*** No LMM ***"
XPO,"XPO LOGISTICS, INC.","WOLVERINE TRADING, LLC"
XRT,"SPDR RETAIL ETF","WOLVERINE TRADING, LLC"
XRX,"XEROX CP","WOLVERINE TRADING, LLC"
XXII,"22ND CENTURY GRP","SUSQUEHANNA SECURITIES"
YCS,"PROSHS ULTRASHRT YEN","MORGAN STANLEY & CO. LLC"
YELP,"YELP INC.","CITADEL SECURITIES LLC"
YGE,"YINGLI GRN ENGY ADR","*** No LMM ***"
YHOO,"YAHOO! INC.","WOLVERINE TRADING, LLC"
YNDX,"YANDEX N.V.","MORGAN STANLEY & CO. LLC"
YOKU,"Youku Tudou Inc.","WOLVERINE TRADING, LLC"
YPF,"Y P F SOCIEDADE ANON","MORGAN STANLEY & CO. LLC"
YRCW,"YRC WORLDWIDE","WOLVERINE TRADING, LLC"
YUM,"YUM BRANDS INC","CITADEL SECURITIES LLC"
YY,"YY INC","CITADEL SECURITIES LLC"
Z,"ZILLOW GROUP CL C","*** No LMM ***"
ZAGG,"ZAGG INC","WOLVERINE TRADING, LLC"
ZAYO,"ZAYO GRP HLDGS, INC.","*** No LMM ***"
ZBH,"ZIMMER BIOMET HLDGS","CITADEL SECURITIES LLC"
ZBRA,"ZEBRA TECHNOLOGIES","CITADEL SECURITIES LLC"
ZEN,"Zendesk, Inc.","*** No LMM ***"
ZG,"ZILLOW GRP INC CL A","CITADEL SECURITIES LLC"
ZGNX,"ZOGENIX, INC.","MORGAN STANLEY & CO. LLC"
ZION,"ZIONS BANCORPORATION","CITADEL SECURITIES LLC"
ZIOP,"ZIOPHARM ONCOLOGY IN","CITADEL SECURITIES LLC"
ZLTQ,"ZELTIQ AESTHETICS","WOLVERINE TRADING, LLC"
ZNGA,"ZYNGA INC CL A CMN","WOLVERINE TRADING, LLC"
ZNH,"CHINA SOUTH AIR LTD","*** No LMM ***"
ZOES,"ZOE'S KITCHEN, INC.","*** No LMM ***"
ZSL,"PROSHARES ULTRA SHT","GOLDMAN, SACHS & CO."
ZTS,"ZOETIS INC.","TIMBER HILL LLC"
ZUMZ,"ZUMIEZ INC","*** No LMM ***"
